,GS1,GS2,GS3,GS5,GS7,GS10,GS20,GS30,FEDFUNDS,TB3MS,CPIAUCSL,PCEPI,T5YIE,INDPRO,UNRATE,PAYEMS,NFCI,combined_2003_2025M,macro_transformed,ns_factors,STLFSI4
2003-01-31,1.36,1.74,2.18,3.05,3.6,4.05,5.02,5.14,1.24,1.17,182.6,77.201,1.49,91.1369,5.8,130573,-0.52835,1.36,1.24,5.638980835450031,0.905
2003-02-28,1.3,1.63,2.05,2.9,3.45,3.9,4.87,5.02,1.26,1.17,183.6,77.526,1.75,91.2505,5.9,130441,-0.54171,1.3,1.26,5.534347444010485,0.65
2003-03-31,1.24,1.57,1.98,2.78,3.34,3.81,4.82,5.03,1.25,1.13,183.9,77.725,1.65,91.0006,5.9,130235,-0.59268,1.24,1.25,5.631515318486684,0.6356
2003-04-30,1.27,1.62,2.06,2.93,3.47,3.96,4.91,5.13,1.26,1.13,183.2,77.593,1.45,90.4311,6.0,130172,-0.68757,1.27,1.26,5.672833598256702,0.2332
2003-05-31,1.18,1.42,1.75,2.52,3.07,3.57,4.52,4.76,1.26,1.07,182.9,77.504,1.26,90.4,6.1,130196,-0.71703,1.18,1.26,5.343913171058976,0.3887
2003-06-30,1.01,1.23,1.51,2.27,2.84,3.33,4.34,4.62,1.22,0.92,183.1,77.588,1.45,90.5196,6.3,130185,-0.71856,1.01,1.22,5.278190633650863,0.434
2003-07-31,1.12,1.47,1.93,2.87,3.45,3.98,4.92,5.13,1.01,0.9,183.7,77.816,1.75,90.9869,6.2,130184,-0.7163,1.12,1.01,5.649313704821645,0.1259
2003-08-31,1.31,1.86,2.44,3.37,3.96,4.45,5.39,5.45,1.03,0.95,184.5,78.079,1.99,90.7933,6.1,130153,-0.6728,1.31,1.03,5.907817544104338,0.0573
2003-09-30,1.24,1.71,2.23,3.18,3.74,4.27,5.21,5.28,1.01,0.94,185.1,78.323,1.86,91.3819,6.1,130253,-0.68584,1.24,1.01,5.740856552973405,0.0095
2003-10-31,1.25,1.75,2.26,3.19,3.75,4.29,5.21,5.3,1.01,0.92,184.9,78.333,2.06,91.5049,6.0,130440,-0.72038,1.25,1.01,5.774856985176682,-0.2486
2003-11-30,1.34,1.93,2.45,3.29,3.81,4.3,5.17,5.25,1.0,0.93,185.0,78.432,2.02,92.1265,5.8,130481,-0.72006,1.34,1.0,5.713343061743331,-0.3639
2003-12-31,1.31,1.91,2.44,3.27,3.79,4.27,5.11,5.21,0.98,0.9,185.5,78.605,2.03,92.1732,5.7,130589,-0.72863,1.31,0.98,5.668895060849558,-0.2429
2004-01-31,1.24,1.76,2.27,3.12,3.65,4.15,5.01,5.13,1.0,0.88,186.3,78.909,2.16,92.3268,5.7,130756,-0.79124,1.24,1.0,5.596445793142134,-0.391
2004-02-29,1.24,1.74,2.25,3.07,3.59,4.08,4.94,5.08,1.01,0.93,186.7,79.077,2.38,92.8995,5.6,130820,-0.81944,1.24,1.01,5.556291233187176,-0.5148
2004-03-31,1.19,1.58,2.0,2.79,3.31,3.83,4.72,4.9,1.0,0.94,187.1,79.199,2.29,92.5368,5.8,131139,-0.80787,1.19,1.0,5.423474359709674,-0.3178
2004-04-30,1.43,2.07,2.57,3.39,3.89,4.35,5.16,5.28,1.0,0.94,187.4,79.346,2.34,92.8957,5.6,131412,-0.74425,1.43,1.0,5.748131219657989,-0.4066
2004-05-31,1.78,2.53,3.1,3.85,4.31,4.72,5.46,5.51,1.0,1.02,188.2,79.604,2.55,93.5845,5.6,131697,-0.69945,1.78,1.0,5.879192169918838,-0.5925
2004-06-30,2.12,2.76,3.26,3.93,4.35,4.73,5.45,5.48,1.03,1.27,188.9,79.831,2.43,92.8651,5.6,131794,-0.69105,2.12,1.03,5.835870571605384,-0.5495
2004-07-31,2.1,2.64,3.05,3.69,4.11,4.5,5.24,5.31,1.26,1.33,189.1,79.905,2.41,93.5502,5.5,131853,-0.70023,2.1,1.26,5.716613123139086,-0.5378
2004-08-31,2.02,2.51,2.88,3.47,3.9,4.28,5.07,5.15,1.43,1.48,189.2,79.946,2.27,93.6301,5.4,131940,-0.70555,2.02,1.43,5.6023872821138365,-0.6381
2004-09-30,2.12,2.53,2.83,3.36,3.75,4.13,4.89,4.98,1.61,1.65,189.8,80.104,2.33,93.7353,5.4,132091,-0.70407,2.12,1.61,5.449958379274906,-0.6479
2004-10-31,2.23,2.58,2.85,3.35,3.75,4.1,4.85,4.94,1.76,1.76,190.8,80.448,2.49,94.5695,5.5,132431,-0.70961,2.23,1.76,5.409753750263891,-0.6748
2004-11-30,2.5,2.85,3.09,3.53,3.88,4.19,4.89,4.95,1.93,2.07,191.7,80.758,2.76,94.8015,5.4,132504,-0.72014,2.5,1.93,5.376486075905756,-0.8353
2004-12-31,2.67,3.01,3.21,3.6,3.93,4.23,4.88,4.91,2.16,2.19,191.7,80.801,2.64,95.5415,5.4,132629,-0.70129,2.67,2.16,5.301578704012998,-0.8388
2005-01-31,2.86,3.22,3.39,3.71,3.97,4.22,4.77,4.77,2.28,2.33,191.6,80.907,2.58,95.8785,5.3,132781,-0.70658,2.86,2.28,5.057080041067668,-0.7914
2005-02-28,3.03,3.38,3.54,3.77,3.97,4.17,4.61,4.56,2.5,2.54,192.4,81.132,2.82,96.5709,5.4,133033,-0.71404,3.03,2.5,4.744511104198196,-0.9594
2005-03-31,3.3,3.73,3.91,4.17,4.33,4.5,4.89,4.77,2.63,2.74,193.1,81.375,2.87,96.4345,5.2,133152,-0.6688,3.3,2.63,4.866097511313974,-0.7328
2005-04-30,3.32,3.65,3.79,4.0,4.16,4.34,4.75,4.65,2.79,2.78,193.7,81.603,2.73,96.6347,5.2,133519,-0.61275,3.32,2.79,4.7876869850051404,-0.7579
2005-05-31,3.33,3.64,3.72,3.85,3.94,4.14,4.56,4.49,3.0,2.84,193.6,81.649,2.47,96.7251,5.1,133689,-0.60272,3.33,3.0,4.650893858765895,-0.8042
2005-06-30,3.36,3.64,3.69,3.77,3.86,4.0,4.35,4.28,3.04,2.97,193.7,81.7,2.31,97.1483,5.0,133947,-0.60753,3.36,3.04,4.404878234394541,-0.6858
2005-07-31,3.64,3.87,3.91,3.98,4.06,4.18,4.48,4.38,3.26,3.22,194.9,82.046,2.32,96.8397,5.0,134300,-0.61687,3.64,3.26,4.46861442463324,-0.935
2005-08-31,3.87,4.04,4.08,4.12,4.18,4.26,4.53,4.44,3.5,3.44,196.1,82.377,2.44,97.1584,4.9,134503,-0.60159,3.87,3.5,4.522433633093541,-0.8226
2005-09-30,3.85,3.95,3.96,4.01,4.08,4.2,4.51,4.45,3.62,3.42,198.8,83.172,2.72,95.2764,5.0,134554,-0.56932,3.85,3.62,4.633845055775134,-0.8463
2005-10-31,4.18,4.27,4.29,4.33,4.38,4.46,4.74,4.64,3.78,3.71,199.1,83.305,2.64,96.4411,5.0,134643,-0.58634,4.18,3.78,4.768992969284558,-0.8686
2005-11-30,4.33,4.42,4.43,4.45,4.48,4.54,4.83,4.7,4.0,3.88,198.1,83.131,2.35,97.5016,5.0,134999,-0.58436,4.33,4.0,4.824843510310644,-0.7824
2005-12-31,4.35,4.4,4.39,4.39,4.41,4.47,4.73,4.62,4.16,3.89,198.1,83.131,2.3,97.9723,4.9,135158,-0.5663,4.35,4.16,4.776730747027737,-0.6589
2006-01-31,4.45,4.4,4.35,4.35,4.37,4.42,4.65,4.57,4.29,4.24,199.3,83.534,2.58,98.127,4.7,135426,-0.60517,4.45,4.29,4.666377033470081,-0.9962
2006-02-28,4.68,4.67,4.64,4.57,4.56,4.57,4.73,4.57,4.49,4.43,199.4,83.584,2.68,98.1687,4.8,135731,-0.63526,4.68,4.49,4.5844331675890215,-1.1166
2006-03-31,4.77,4.73,4.74,4.72,4.71,4.72,4.91,4.73,4.59,4.51,199.7,83.746,2.58,98.3913,4.7,136036,-0.63035,4.77,4.59,4.730441274956215,-1.0434
2006-04-30,4.9,4.89,4.89,4.9,4.94,4.99,5.22,5.06,4.79,4.6,200.7,84.135,2.67,98.6826,4.7,136208,-0.62126,4.9,4.79,5.105699280558067,-1.0972
2006-05-31,5.0,4.97,4.97,5.0,5.03,5.11,5.35,5.2,4.94,4.72,201.3,84.361,2.68,98.7074,4.6,136249,-0.58385,5.0,4.94,5.253539567292304,-0.7939
2006-06-30,5.16,5.12,5.09,5.07,5.08,5.11,5.29,5.15,4.99,4.79,201.8,84.569,2.63,99.0398,4.6,136335,-0.53009,5.16,4.99,5.178612644101722,-0.8574
2006-07-31,5.22,5.12,5.07,5.04,5.05,5.09,5.25,5.13,5.24,4.95,202.9,84.858,2.54,98.9751,4.7,136529,-0.56042,5.22,5.24,5.1597977749678,-0.9359
2006-08-31,5.08,4.9,4.85,4.82,4.83,4.88,5.08,5.0,5.25,4.96,203.8,85.125,2.44,99.4047,4.7,136693,-0.60524,5.08,5.25,5.052866190131714,-0.9843
2006-09-30,4.97,4.77,4.69,4.67,4.68,4.72,4.93,4.85,5.25,4.81,202.8,84.902,2.25,99.2246,4.5,136829,-0.60739,4.97,5.25,4.906208756284941,-0.8073
2006-10-31,5.01,4.8,4.72,4.69,4.69,4.73,4.94,4.85,5.25,4.92,201.9,84.702,2.1,99.1229,4.4,136846,-0.63003,5.01,5.25,4.89961563033418,-1.0071
2006-11-30,5.01,4.74,4.64,4.58,4.58,4.6,4.78,4.69,5.25,4.94,202.0,84.731,2.24,99.0963,4.5,137061,-0.62993,5.01,5.25,4.722315251728121,-0.9288
2006-12-31,4.94,4.67,4.58,4.53,4.54,4.56,4.78,4.68,5.24,4.85,203.1,85.032,2.26,100.1125,4.4,137249,-0.63625,4.94,5.24,4.722640901074537,-0.9648
2007-01-31,5.06,4.88,4.79,4.75,4.75,4.76,4.95,4.85,5.25,4.98,203.437,85.316,2.42,99.7546,4.6,137472,-0.68307,5.06,5.25,4.890473480109018,-1.1285
2007-02-28,5.05,4.85,4.75,4.71,4.71,4.72,4.93,4.82,5.26,5.03,204.226,85.581,2.4,100.7166,4.5,137558,-0.66482,5.05,5.26,4.863702976108694,-1.1327
2007-03-31,4.92,4.57,4.51,4.48,4.5,4.56,4.81,4.72,5.26,4.94,205.288,85.894,2.51,100.8952,4.4,137782,-0.60816,4.92,5.26,4.770547965169367,-0.9511
2007-04-30,4.93,4.67,4.6,4.59,4.62,4.69,4.95,4.87,5.25,4.87,205.904,86.096,2.45,101.5723,4.5,137845,-0.58981,4.93,5.25,4.944515312143005,-1.0106
2007-05-31,4.91,4.77,4.69,4.67,4.69,4.75,4.98,4.9,5.25,4.73,206.755,86.346,2.33,101.6269,4.4,137993,-0.55439,4.91,5.25,4.983688080205617,-0.9715
2007-06-30,4.96,4.98,5.0,5.03,5.05,5.1,5.29,5.2,5.25,4.61,207.234,86.529,2.33,101.6547,4.6,138069,-0.52418,4.96,5.25,5.261920670994685,-0.5634
2007-07-31,4.96,4.82,4.82,4.88,4.93,5.0,5.19,5.11,5.26,4.82,207.603,86.661,2.17,101.4953,4.7,138044,-0.29317,4.96,5.26,5.159434005642815,-0.1515
2007-08-31,4.47,4.31,4.34,4.43,4.53,4.67,5.0,4.93,5.02,4.2,207.667,86.72,1.97,101.6943,4.6,138013,0.20659,4.47,5.02,5.048882508697223,0.9957
2007-09-30,4.14,4.01,4.06,4.2,4.33,4.52,4.84,4.79,4.94,3.89,208.547,87.054,2.11,101.9428,4.7,138101,0.07594,4.14,4.94,4.9295983135419,0.6983
2007-10-31,4.1,3.97,4.01,4.2,4.33,4.53,4.83,4.77,4.76,3.9,209.19,87.318,2.26,101.6446,4.7,138177,-0.00254,4.1,4.76,4.901731958381514,0.7856
2007-11-30,3.5,3.34,3.35,3.67,3.87,4.15,4.56,4.52,4.49,3.27,210.834,87.781,2.24,102.2167,4.7,138291,0.48118,3.5,4.49,4.717853417070779,2.0635
2007-12-31,3.26,3.12,3.13,3.49,3.74,4.1,4.57,4.53,4.24,3.0,211.445,87.984,2.27,102.2764,5.0,138395,0.51946,3.26,4.24,4.782314794047237,1.3182
2008-01-31,2.71,2.48,2.51,2.98,3.31,3.74,4.35,4.33,3.94,2.75,212.174,88.206,2.15,102.1493,5.0,138391,0.40878,2.71,3.94,4.64848337442394,1.6108
2008-02-29,2.05,1.97,2.19,2.78,3.21,3.74,4.49,4.52,2.98,2.12,212.687,88.382,2.3,101.7756,4.9,138327,0.78523,2.05,2.98,4.922605951517139,1.4229
2008-03-31,1.54,1.62,1.8,2.48,2.93,3.51,4.36,4.39,2.61,1.26,213.448,88.635,2.19,101.4508,5.1,138257,0.94209,1.54,2.61,4.851258298313815,1.6733
2008-04-30,1.74,2.05,2.23,2.84,3.19,3.68,4.44,4.44,2.28,1.29,213.942,88.799,2.26,100.7554,5.0,138038,0.64664,1.74,2.28,4.8482091952435145,1.694
2008-05-31,2.06,2.45,2.69,3.15,3.46,3.88,4.6,4.6,1.98,1.73,215.208,89.18,2.4,100.1336,5.4,137851,0.50046,2.06,1.98,5.005880996266791,0.9693
2008-06-30,2.42,2.77,3.08,3.49,3.73,4.1,4.74,4.69,2.0,1.86,217.463,89.827,2.63,99.8728,5.6,137698,0.70994,2.42,2.0,5.002471053728534,1.7335
2008-07-31,2.28,2.57,2.87,3.3,3.6,4.01,4.62,4.57,2.01,1.63,219.016,90.245,2.16,99.4194,5.8,137498,0.71328,2.28,2.01,4.874540634482004,1.1935
2008-08-31,2.18,2.42,2.7,3.14,3.46,3.89,4.53,4.5,2.0,1.72,218.69,90.172,1.89,97.8491,6.1,137211,0.8368,2.18,2.0,4.829399332520058,1.5453
2008-09-30,1.91,2.08,2.32,2.88,3.25,3.69,4.32,4.27,1.81,1.13,218.877,90.247,0.97,93.5576,6.1,136762,1.79226,1.91,1.81,4.592750324275028,4.5692
2008-10-31,1.42,1.61,1.86,2.73,3.19,3.81,4.45,4.17,0.97,0.67,216.995,89.651,-0.96,94.4985,6.5,136293,2.77717,1.42,0.97,4.54976563935189,7.7449
2008-11-30,1.07,1.21,1.51,2.29,2.82,3.53,4.27,4.0,0.39,0.19,213.153,88.593,-2.24,93.2617,6.8,135543,3.05006,1.07,0.39,4.442646425030675,6.8359
2008-12-31,0.49,0.82,1.07,1.52,1.89,2.42,3.18,2.87,0.16,0.03,211.398,88.098,-0.26,90.6266,7.3,134847,2.69595,0.49,0.16,3.208993692843024,4.7724
2009-01-31,0.44,0.81,1.13,1.6,1.98,2.52,3.46,3.13,0.15,0.13,211.933,88.108,0.38,88.3712,7.8,134078,2.11713,0.44,0.15,3.506944476693828,4.0256
2009-02-28,0.62,0.98,1.37,1.87,2.3,2.87,3.83,3.59,0.22,0.3,212.705,88.266,0.58,87.843,8.3,133317,2.12259,0.62,0.22,4.011118099710038,4.1517
2009-03-31,0.64,0.93,1.31,1.82,2.42,2.82,3.78,3.64,0.18,0.21,212.495,88.169,0.73,86.4689,8.7,132492,1.91301,0.64,0.18,4.089367696815712,3.1981
2009-04-30,0.55,0.93,1.32,1.86,2.47,2.93,3.84,3.76,0.15,0.16,212.709,88.295,0.82,85.7903,9.0,131821,1.36852,0.55,0.15,4.233190938208997,2.8237
2009-05-31,0.5,0.93,1.39,2.13,2.81,3.29,4.22,4.23,0.18,0.18,213.022,88.387,1.36,84.9436,9.4,131468,0.86586,0.5,0.18,4.730815567222243,1.3581
2009-06-30,0.51,1.18,1.76,2.71,3.37,3.72,4.51,4.52,0.21,0.18,214.79,88.912,1.34,84.6746,9.5,131007,0.71643,0.51,0.21,4.903790789037008,1.6317
2009-07-31,0.48,1.02,1.55,2.46,3.14,3.56,4.38,4.41,0.16,0.18,214.726,88.922,1.32,85.6853,9.5,130662,0.40979,0.48,0.16,4.839591624912692,0.5082
2009-08-31,0.46,1.12,1.65,2.57,3.21,3.59,4.33,4.37,0.16,0.17,215.445,89.18,1.12,86.6393,9.6,130472,0.22461,0.46,0.16,4.763017761647521,0.5275
2009-09-30,0.4,0.96,1.48,2.37,3.02,3.4,4.14,4.19,0.15,0.12,215.861,89.324,1.37,87.3821,9.8,130247,0.09799,0.4,0.15,4.586660414932973,0.1611
2009-10-31,0.37,0.95,1.46,2.33,2.96,3.39,4.16,4.19,0.12,0.07,216.509,89.663,1.61,87.5809,10.0,130062,0.01732,0.37,0.12,4.604882497489727,0.4103
2009-11-30,0.31,0.8,1.32,2.23,2.92,3.4,4.24,4.31,0.12,0.05,217.234,89.887,1.75,87.9388,9.9,130058,-0.03558,0.31,0.12,4.775791866214576,0.1446
2009-12-31,0.37,0.87,1.38,2.34,3.07,3.59,4.4,4.49,0.12,0.05,217.347,89.939,2.13,88.2404,9.9,129808,-0.15469,0.37,0.12,4.976169956205046,-0.2493
2010-01-31,0.35,0.93,1.49,2.48,3.21,3.73,4.5,4.6,0.11,0.06,217.488,90.136,1.91,89.1897,9.8,129802,-0.2037,0.35,0.11,5.075516768784528,0.0403
2010-02-28,0.35,0.86,1.4,2.36,3.12,3.69,4.48,4.62,0.13,0.11,217.281,90.134,1.83,89.5046,9.8,129705,-0.24819,0.35,0.13,5.137245713174256,-0.2434
2010-03-31,0.4,0.96,1.51,2.43,3.16,3.73,4.49,4.64,0.16,0.15,217.353,90.261,1.83,90.1356,9.9,129865,-0.42109,0.4,0.16,5.14889316091987,-0.4098
2010-04-30,0.45,1.06,1.64,2.58,3.28,3.85,4.53,4.69,0.2,0.16,217.403,90.31,2.01,90.4607,9.9,130120,-0.35496,0.45,0.2,5.171126479312796,-0.2072
2010-05-31,0.37,0.83,1.32,2.18,2.86,3.42,4.11,4.29,0.2,0.16,217.29,90.339,1.69,91.7014,9.6,130643,-0.07292,0.37,0.2,4.777473104080386,1.0053
2010-06-30,0.32,0.72,1.17,2.0,2.66,3.2,3.95,4.13,0.18,0.12,217.199,90.301,1.54,91.9033,9.4,130509,-0.07511,0.32,0.18,4.624685462792225,0.5687
2010-07-31,0.29,0.62,0.98,1.76,2.43,3.01,3.8,3.99,0.18,0.16,217.605,90.378,1.43,92.2549,9.4,130415,-0.25006,0.29,0.18,4.528910655298238,0.1581
2010-08-31,0.26,0.52,0.78,1.47,2.1,2.7,3.52,3.8,0.19,0.16,217.923,90.502,1.19,92.5936,9.5,130416,-0.27268,0.26,0.19,4.401752813683525,0.4421
2010-09-30,0.26,0.48,0.74,1.41,2.05,2.65,3.47,3.77,0.19,0.15,218.275,90.592,1.3,92.8533,9.5,130342,-0.33578,0.26,0.19,4.380754320220658,0.0697
2010-10-31,0.23,0.38,0.57,1.18,1.85,2.54,3.52,3.87,0.19,0.13,219.035,90.881,1.48,92.6033,9.4,130621,-0.43647,0.23,0.19,4.612319463382189,-0.2394
2010-11-30,0.25,0.45,0.67,1.35,2.02,2.76,3.82,4.19,0.19,0.14,219.59,91.062,1.54,92.6686,9.8,130749,-0.45346,0.25,0.19,4.979503429266208,0.0127
2010-12-31,0.29,0.62,0.99,1.93,2.66,3.29,4.17,4.42,0.18,0.14,220.472,91.268,1.83,93.5916,9.3,130830,-0.52692,0.29,0.18,5.013947169866671,-0.2558
2011-01-31,0.27,0.61,1.03,1.99,2.72,3.39,4.28,4.52,0.17,0.15,221.187,91.542,1.96,93.3889,9.1,130837,-0.59824,0.27,0.17,5.115822048882453,-0.28
2011-02-28,0.29,0.77,1.28,2.26,2.96,3.58,4.42,4.65,0.16,0.13,221.898,91.797,2.15,93.0045,9.0,131056,-0.57663,0.29,0.16,5.199507174578963,-0.1075
2011-03-31,0.26,0.7,1.17,2.11,2.8,3.41,4.27,4.51,0.14,0.1,223.046,92.166,2.21,93.9684,9.0,131282,-0.55184,0.26,0.14,5.072175000952751,-0.3411
2011-04-30,0.25,0.73,1.21,2.17,2.84,3.46,4.28,4.5,0.1,0.06,224.093,92.557,2.45,93.6571,9.1,131597,-0.60383,0.25,0.1,5.038855550068147,-0.5323
2011-05-31,0.19,0.56,0.94,1.84,2.51,3.17,4.01,4.29,0.09,0.04,224.806,92.838,2.0,93.7723,9.0,131704,-0.56478,0.19,0.09,4.8813616643248015,-0.2927
2011-06-30,0.18,0.41,0.71,1.58,2.29,3.0,3.91,4.23,0.09,0.04,224.806,92.819,2.03,94.0493,9.1,131931,-0.52325,0.18,0.09,4.887762049747148,-0.1316
2011-07-31,0.19,0.41,0.68,1.54,2.28,3.0,3.95,4.27,0.07,0.04,225.395,92.977,2.07,94.4958,9.0,131993,-0.39856,0.19,0.07,4.95852727773469,-0.2804
2011-08-31,0.11,0.23,0.38,1.02,1.63,2.3,3.24,3.65,0.1,0.02,226.106,93.196,1.72,95.0974,9.0,132125,-0.14088,0.11,0.1,4.388550099854481,0.8531
2011-09-30,0.1,0.21,0.35,0.9,1.42,1.98,2.83,3.18,0.08,0.01,226.597,93.327,1.5,95.0244,9.0,132344,-0.04173,0.1,0.08,3.833735524796106,1.1281
2011-10-31,0.11,0.28,0.47,1.06,1.62,2.15,2.87,3.13,0.07,0.02,226.75,93.329,1.88,95.6891,8.8,132553,-0.10719,0.11,0.07,3.6683385998520457,0.2974
2011-11-30,0.11,0.25,0.39,0.91,1.45,2.01,2.72,3.02,0.08,0.01,227.169,93.52,1.76,95.6778,8.6,132690,-0.07564,0.11,0.08,3.589778664856675,1.22
2011-12-31,0.12,0.26,0.39,0.89,1.43,1.98,2.67,2.98,0.07,0.01,227.223,93.574,1.59,96.1809,8.5,132888,-0.15244,0.12,0.07,3.548339689102414,0.6418
2012-01-31,0.12,0.24,0.36,0.84,1.38,1.97,2.7,3.03,0.08,0.03,227.842,93.894,1.88,96.7595,8.3,133245,-0.32835,0.12,0.08,3.6355629165436327,0.3098
2012-02-29,0.16,0.28,0.38,0.83,1.37,1.97,2.75,3.11,0.1,0.09,228.329,94.104,1.99,97.0662,8.3,133508,-0.41276,0.16,0.1,3.7649896615248974,0.0543
2012-03-31,0.19,0.34,0.51,1.02,1.56,2.17,2.94,3.28,0.13,0.08,228.807,94.284,2.02,96.5609,8.2,133748,-0.44109,0.19,0.13,3.9032686419291767,0.008
2012-04-30,0.18,0.29,0.43,0.89,1.43,2.05,2.82,3.18,0.14,0.08,229.187,94.408,2.06,97.251,8.2,133825,-0.38414,0.18,0.14,3.822690463361392,-0.0179
2012-05-31,0.19,0.29,0.39,0.76,1.21,1.8,2.53,2.93,0.16,0.09,228.713,94.302,1.72,97.4595,8.2,133933,-0.266,0.19,0.16,3.5805645885251995,0.349
2012-06-30,0.19,0.29,0.39,0.71,1.08,1.62,2.31,2.7,0.16,0.09,228.524,94.254,1.72,97.4768,8.2,134012,-0.27949,0.19,0.16,3.3251980157184056,0.1075
2012-07-31,0.19,0.25,0.33,0.62,0.98,1.53,2.22,2.59,0.16,0.1,228.59,94.288,1.83,97.6714,8.2,134157,-0.37158,0.19,0.16,3.203747572282835,0.0953
2012-08-31,0.18,0.27,0.37,0.71,1.14,1.68,2.4,2.77,0.13,0.1,229.918,94.605,1.95,97.2734,8.1,134338,-0.46574,0.18,0.13,3.396847302836832,-0.0842
2012-09-30,0.18,0.26,0.34,0.67,1.12,1.72,2.49,2.88,0.14,0.11,231.015,94.893,2.11,97.2217,7.8,134517,-0.53284,0.18,0.14,3.555744501652659,-0.2293
2012-10-31,0.18,0.28,0.37,0.71,1.15,1.75,2.51,2.9,0.16,0.1,231.638,95.174,2.12,97.5311,7.8,134668,-0.5548,0.18,0.16,3.569353967405876,-0.357
2012-11-30,0.18,0.27,0.36,0.67,1.08,1.65,2.39,2.8,0.16,0.09,231.249,95.109,2.01,97.9084,7.7,134825,-0.56048,0.18,0.16,3.471081741728553,-0.4889
2012-12-31,0.16,0.26,0.35,0.7,1.13,1.72,2.47,2.88,0.16,0.07,231.221,95.094,2.09,98.1884,7.9,135074,-0.60495,0.16,0.16,3.552636099794987,-0.3791
2013-01-31,0.15,0.27,0.39,0.81,1.3,1.91,2.68,3.08,0.14,0.07,231.679,95.275,2.33,98.1736,8.0,135257,-0.64857,0.15,0.14,3.7486215513040704,-0.6738
2013-02-28,0.16,0.27,0.4,0.85,1.35,1.98,2.78,3.17,0.15,0.1,232.937,95.614,2.18,98.6434,7.7,135545,-0.65574,0.16,0.15,3.843497727947027,-0.6319
2013-03-31,0.15,0.26,0.39,0.82,1.32,1.96,2.78,3.16,0.14,0.09,232.282,95.488,2.24,99.047,7.5,135689,-0.66882,0.15,0.14,3.843536388187379,-0.6357
2013-04-30,0.12,0.23,0.34,0.71,1.15,1.76,2.55,2.93,0.15,0.06,231.797,95.391,2.06,98.9445,7.6,135873,-0.70965,0.12,0.15,3.604385376899295,-0.6946
2013-05-31,0.12,0.25,0.4,0.84,1.31,1.93,2.73,3.11,0.11,0.04,231.893,95.461,1.87,99.0383,7.5,136095,-0.69653,0.12,0.11,3.776077248023994,-0.374
2013-06-30,0.14,0.33,0.58,1.2,1.71,2.3,3.07,3.4,0.09,0.05,232.445,95.673,1.76,99.2221,7.5,136279,-0.63514,0.14,0.09,3.981977180949109,0.0626
2013-07-31,0.12,0.34,0.64,1.4,1.99,2.58,3.31,3.61,0.09,0.04,232.9,95.792,1.87,98.8987,7.3,136391,-0.66628,0.12,0.09,4.148114216514127,-0.5003
2013-08-31,0.13,0.36,0.7,1.52,2.15,2.74,3.49,3.76,0.08,0.04,233.456,95.934,1.78,99.4897,7.2,136646,-0.66961,0.13,0.08,4.290437033826963,-0.1841
2013-09-30,0.12,0.4,0.78,1.6,2.22,2.81,3.53,3.79,0.08,0.02,233.544,95.976,1.74,100.021,7.2,136821,-0.68241,0.12,0.08,4.3035736973317,-0.3583
2013-10-31,0.12,0.34,0.63,1.37,1.99,2.62,3.38,3.68,0.09,0.05,233.669,96.103,1.74,99.9037,7.2,137041,-0.73241,0.12,0.09,4.252507748488997,-0.591
2013-11-30,0.12,0.3,0.58,1.37,2.07,2.72,3.5,3.8,0.08,0.07,234.1,96.246,1.69,100.1582,6.9,137316,-0.77566,0.12,0.08,4.396583544222651,-0.5882
2013-12-31,0.13,0.34,0.69,1.58,2.29,2.9,3.63,3.89,0.09,0.07,234.719,96.414,1.69,100.374,6.7,137373,-0.7852,0.13,0.09,4.43011851295172,-0.6866
2014-01-31,0.12,0.39,0.78,1.65,2.29,2.86,3.52,3.77,0.07,0.04,235.288,96.614,1.72,99.9899,6.6,137561,-0.76874,0.12,0.07,4.255426572777243,-0.3493
2014-02-28,0.12,0.33,0.69,1.52,2.15,2.71,3.38,3.66,0.07,0.05,235.547,96.66,1.79,100.7471,6.7,137712,-0.78138,0.12,0.07,4.153802147061493,-0.6717
2014-03-31,0.13,0.4,0.82,1.64,2.23,2.72,3.35,3.62,0.08,0.05,236.028,96.815,1.7,101.7435,6.7,137985,-0.78121,0.13,0.08,4.061682695690733,-0.6466
2014-04-30,0.11,0.42,0.88,1.7,2.27,2.71,3.27,3.52,0.09,0.03,236.468,96.987,1.96,101.8273,6.2,138297,-0.77424,0.11,0.09,3.9130389185296224,-0.7332
2014-05-31,0.1,0.39,0.83,1.59,2.12,2.56,3.12,3.39,0.09,0.03,236.918,97.147,1.93,102.2392,6.3,138512,-0.79489,0.1,0.09,3.783500791654183,-0.7811
2014-06-30,0.1,0.45,0.9,1.68,2.19,2.6,3.15,3.42,0.1,0.04,237.231,97.253,2.0,102.5774,6.1,138849,-0.78831,0.1,0.1,3.79465183477737,-0.8131
2014-07-31,0.11,0.51,0.97,1.7,2.17,2.54,3.07,3.33,0.09,0.03,237.498,97.391,1.97,102.7954,6.2,139073,-0.74431,0.11,0.09,3.68273850204266,-0.7034
2014-08-31,0.11,0.47,0.93,1.63,2.08,2.42,2.94,3.2,0.09,0.03,237.46,97.379,1.76,102.6322,6.1,139269,-0.72778,0.11,0.09,3.5333771508535112,-0.6775
2014-09-30,0.11,0.57,1.05,1.77,2.22,2.53,3.01,3.26,0.09,0.02,237.477,97.413,1.56,102.9417,5.9,139563,-0.67822,0.11,0.09,3.5721230542013718,-0.3709
2014-10-31,0.1,0.45,0.88,1.55,1.98,2.3,2.77,3.04,0.09,0.02,237.43,97.384,1.53,102.9611,5.7,139797,-0.64793,0.1,0.09,3.358004713503912,-0.4839
2014-11-30,0.13,0.53,0.96,1.62,2.03,2.33,2.76,3.04,0.09,0.02,236.983,97.291,1.39,103.5978,5.8,140090,-0.6527,0.13,0.09,3.345642726332703,-0.4181
2014-12-31,0.21,0.64,1.06,1.64,1.98,2.21,2.55,2.83,0.12,0.03,236.252,97.12,1.27,103.6151,5.6,140364,-0.57387,0.21,0.12,3.1093030227847462,-0.4929
2015-01-31,0.2,0.55,0.9,1.37,1.67,1.88,2.2,2.46,0.11,0.03,234.747,96.654,1.29,102.7923,5.7,140568,-0.50652,0.2,0.11,2.727378227164659,-0.0073
2015-02-28,0.22,0.62,0.99,1.47,1.79,1.98,2.34,2.57,0.11,0.02,235.342,96.825,1.49,102.1366,5.5,140827,-0.52678,0.22,0.11,2.826264911596469,-0.2381
2015-03-31,0.25,0.64,1.02,1.52,1.84,2.04,2.41,2.63,0.11,0.03,235.976,97.008,1.51,101.7869,5.4,140923,-0.54082,0.25,0.11,2.892126987175426,-0.2141
2015-04-30,0.23,0.54,0.87,1.35,1.69,1.94,2.33,2.59,0.12,0.02,236.222,97.094,1.72,101.2255,5.4,141196,-0.54806,0.23,0.12,2.913017173147292,-0.4062
2015-05-31,0.24,0.61,0.98,1.54,1.93,2.2,2.69,2.96,0.12,0.02,237.001,97.327,1.57,100.7675,5.6,141538,-0.5496,0.24,0.12,3.34168531423308,-0.2012
2015-06-30,0.28,0.69,1.07,1.68,2.1,2.36,2.85,3.11,0.13,0.02,237.657,97.516,1.61,100.4588,5.3,141709,-0.54236,0.28,0.13,3.4797882581093686,-0.3232
2015-07-31,0.3,0.67,1.03,1.63,2.04,2.32,2.77,3.07,0.13,0.03,238.034,97.605,1.36,101.0893,5.2,141991,-0.50244,0.3,0.13,3.437015580151658,-0.1036
2015-08-31,0.38,0.7,1.03,1.54,1.91,2.17,2.55,2.86,0.14,0.07,238.033,97.612,1.26,100.9165,5.1,142125,-0.41904,0.38,0.14,3.2033652047562238,0.6585
2015-09-30,0.37,0.71,1.01,1.49,1.88,2.17,2.62,2.95,0.14,0.02,237.498,97.477,1.07,100.633,5.0,142275,-0.40618,0.37,0.14,3.3789525158940483,0.4101
2015-10-31,0.26,0.64,0.93,1.39,1.76,2.07,2.5,2.89,0.12,0.02,237.733,97.477,1.2,100.1563,5.0,142579,-0.46895,0.26,0.12,3.333677869473246,-0.0165
2015-11-30,0.48,0.88,1.2,1.67,2.02,2.26,2.69,3.03,0.12,0.12,238.017,97.538,1.3,99.4366,5.1,142808,-0.44559,0.48,0.12,3.3973257720100776,0.0375
2015-12-31,0.65,0.98,1.28,1.7,2.04,2.24,2.61,2.97,0.24,0.23,237.761,97.456,1.31,98.9471,5.0,143077,-0.36298,0.65,0.24,3.331655872343717,0.368
2016-01-31,0.54,0.9,1.14,1.52,1.85,2.09,2.49,2.86,0.34,0.26,237.652,97.496,1.19,99.4391,4.8,143210,-0.29854,0.54,0.34,3.2693375856734974,0.5262
2016-02-29,0.53,0.73,0.9,1.22,1.53,1.78,2.2,2.62,0.38,0.31,237.336,97.445,1.23,98.9232,4.9,143407,-0.31679,0.53,0.38,3.183786884340323,0.5394
2016-03-31,0.66,0.88,1.04,1.38,1.68,1.89,2.28,2.68,0.36,0.29,238.08,97.673,1.49,98.1635,5.0,143662,-0.37224,0.66,0.36,3.190882910868355,0.1517
2016-04-30,0.56,0.77,0.92,1.26,1.57,1.81,2.21,2.62,0.37,0.23,238.992,97.993,1.6,98.4775,5.1,143855,-0.38678,0.56,0.37,3.1714214027368937,0.0596
2016-05-31,0.59,0.82,0.97,1.3,1.6,1.81,2.22,2.63,0.37,0.27,239.557,98.153,1.47,98.2549,4.8,143900,-0.37601,0.59,0.37,3.1759381540903284,-0.0119
2016-06-30,0.55,0.73,0.86,1.17,1.44,1.64,2.02,2.45,0.38,0.27,240.222,98.325,1.38,98.7315,4.9,144146,-0.34994,0.55,0.38,3.034957839186988,0.2469
2016-07-31,0.51,0.67,0.79,1.07,1.33,1.5,1.82,2.23,0.39,0.3,240.101,98.342,1.31,98.8452,4.8,144520,-0.36046,0.51,0.39,2.757189638175175,0.227
2016-08-31,0.57,0.74,0.85,1.13,1.4,1.56,1.89,2.26,0.4,0.3,240.545,98.479,1.27,98.7427,4.9,144662,-0.35569,0.57,0.4,2.753339793027957,0.2618
2016-09-30,0.59,0.77,0.9,1.18,1.46,1.63,2.02,2.35,0.4,0.29,241.176,98.666,1.45,98.6552,5.0,144967,-0.34019,0.59,0.4,2.849975428147211,0.302
2016-10-31,0.66,0.84,0.99,1.27,1.56,1.76,2.17,2.5,0.4,0.33,241.741,98.868,1.59,98.7237,4.9,145066,-0.38064,0.66,0.4,3.010670408846724,0.1003
2016-11-30,0.74,0.98,1.22,1.6,1.93,2.14,2.54,2.86,0.41,0.45,242.026,98.901,1.77,98.3443,4.7,145183,-0.43085,0.74,0.41,3.2703193207063537,-0.1222
2016-12-31,0.87,1.2,1.49,1.96,2.29,2.49,2.84,3.11,0.54,0.51,242.637,99.071,1.84,99.0406,4.7,145408,-0.46888,0.87,0.54,3.4099219042352336,-0.0625
2017-01-31,0.83,1.21,1.48,1.92,2.23,2.43,2.75,3.02,0.65,0.51,243.618,99.451,1.94,98.8158,4.7,145628,-0.48877,0.83,0.65,3.290407793957968,-0.2057
2017-02-28,0.82,1.2,1.47,1.9,2.22,2.42,2.76,3.03,0.66,0.52,244.006,99.586,1.89,98.4356,4.6,145848,-0.48973,0.82,0.66,3.3136075389823425,-0.2302
2017-03-31,1.01,1.31,1.59,2.01,2.3,2.48,2.83,3.08,0.79,0.74,243.892,99.535,1.77,99.0492,4.4,145969,-0.48276,1.01,0.79,3.361964364392652,-0.4173
2017-04-30,1.04,1.24,1.44,1.82,2.1,2.3,2.67,2.94,0.9,0.8,244.193,99.725,1.81,100.0416,4.4,146174,-0.50966,1.04,0.9,3.3018462089006664,-0.5877
2017-05-31,1.12,1.3,1.48,1.84,2.11,2.3,2.7,2.96,0.91,0.89,244.004,99.682,1.72,100.128,4.4,146380,-0.54773,1.12,0.91,3.3480225139061446,-0.6632
2017-06-30,1.2,1.34,1.49,1.77,2.01,2.19,2.54,2.8,1.04,0.98,244.163,99.766,1.63,100.337,4.3,146583,-0.57138,1.2,1.04,3.17794007997208,-0.5663
2017-07-31,1.22,1.37,1.54,1.87,2.13,2.32,2.65,2.88,1.15,1.07,244.243,99.803,1.67,100.0865,4.3,146772,-0.57954,1.22,1.15,3.174588852417043,-0.7272
2017-08-31,1.23,1.34,1.48,1.78,2.03,2.21,2.55,2.8,1.16,1.01,245.183,100.027,1.58,99.6323,4.4,146919,-0.56182,1.23,1.16,3.123265005026074,-0.4706
2017-09-30,1.28,1.38,1.51,1.8,2.03,2.2,2.53,2.78,1.15,1.03,246.435,100.4,1.68,99.7482,4.3,147007,-0.57233,1.28,1.15,3.1070699927394614,-0.6695
2017-10-31,1.4,1.55,1.68,1.98,2.2,2.36,2.65,2.88,1.15,1.07,246.626,100.531,1.79,100.9893,4.2,147150,-0.59885,1.4,1.15,3.1869696781055183,-0.7486
2017-11-30,1.56,1.7,1.81,2.05,2.23,2.35,2.6,2.8,1.16,1.23,247.284,100.675,1.73,101.2493,4.2,147373,-0.60714,1.56,1.16,3.059069945561894,-0.8339
2017-12-31,1.7,1.84,1.96,2.18,2.32,2.4,2.6,2.77,1.3,1.32,247.805,100.821,1.86,101.4871,4.1,147523,-0.61962,1.7,1.3,2.9474707265893048,-0.515
2018-01-31,1.8,2.03,2.15,2.38,2.51,2.58,2.73,2.88,1.41,1.41,248.859,101.199,1.98,101.4852,4.0,147660,-0.6098,1.8,1.41,2.9808392709640787,-0.665
2018-02-28,1.96,2.18,2.36,2.6,2.78,2.86,3.02,3.13,1.42,1.57,249.529,101.416,2.04,101.7319,4.1,148054,-0.54755,1.96,1.42,3.248784328069909,-0.348
2018-03-31,2.06,2.28,2.42,2.63,2.77,2.84,2.97,3.09,1.51,1.7,249.577,101.524,1.92,102.1943,4.0,148280,-0.50011,2.06,1.51,3.18270139382363,0.3276
2018-04-30,2.15,2.38,2.52,2.7,2.82,2.87,2.96,3.07,1.69,1.76,250.227,101.766,2.1,103.3551,4.0,148422,-0.54146,2.15,1.69,3.1313475845157743,-0.0353
2018-05-31,2.27,2.51,2.66,2.82,2.93,2.98,3.05,3.13,1.7,1.86,250.792,101.941,2.03,102.381,3.8,148740,-0.5672,2.27,1.7,3.180447868395856,-0.239
2018-06-30,2.33,2.53,2.65,2.78,2.87,2.91,2.98,3.05,1.82,1.9,251.018,102.029,2.06,103.2256,4.0,148959,-0.5403,2.33,1.82,3.090004555356164,-0.0707
2018-07-31,2.39,2.61,2.7,2.78,2.85,2.89,2.94,3.01,1.91,1.96,251.214,102.137,2.0,103.3561,3.8,149020,-0.56434,2.39,1.91,3.023564034927217,-0.5455
2018-08-31,2.45,2.64,2.71,2.77,2.84,2.89,2.97,3.04,1.91,2.03,251.663,102.208,1.98,104.0585,3.8,149279,-0.59978,2.45,1.91,3.076630551638843,-0.6796
2018-09-30,2.56,2.77,2.84,2.89,2.96,3.0,3.08,3.15,1.95,2.13,252.182,102.418,2.03,104.1038,3.7,149358,-0.59546,2.56,1.95,3.171600640581784,-0.7563
2018-10-31,2.65,2.86,2.94,3.0,3.09,3.15,3.27,3.34,2.19,2.25,252.772,102.595,1.9,103.9297,3.8,149526,-0.55398,2.65,2.19,3.401661049133629,-0.2196
2018-11-30,2.7,2.86,2.91,2.95,3.04,3.12,3.27,3.36,2.2,2.33,252.594,102.63,1.77,104.0126,3.8,149617,-0.4611,2.7,2.2,3.502063339716215,-0.1522
2018-12-31,2.66,2.68,2.67,2.68,2.75,2.83,2.98,3.1,2.27,2.37,252.767,102.701,1.51,104.0451,3.9,149809,-0.4259,2.66,2.27,3.293985774366251,0.6574
2019-01-31,2.58,2.54,2.52,2.54,2.61,2.71,2.89,3.04,2.4,2.37,252.561,102.648,1.7,103.3598,4.0,150059,-0.50752,2.58,2.4,3.251935159974001,-0.1319
2019-02-28,2.55,2.5,2.48,2.49,2.57,2.68,2.87,3.02,2.4,2.39,253.319,102.836,1.84,102.8251,3.8,150065,-0.58304,2.55,2.4,3.232777287742974,-0.528
2019-03-31,2.49,2.41,2.37,2.37,2.47,2.57,2.8,2.98,2.41,2.4,254.277,103.069,1.78,102.8361,3.8,150295,-0.60784,2.49,2.41,3.242441001213089,-0.3285
2019-04-30,2.42,2.34,2.31,2.33,2.43,2.53,2.76,2.94,2.42,2.38,255.233,103.36,1.85,102.2748,3.7,150593,-0.61645,2.42,2.42,3.1963695757721,-0.6391
2019-05-31,2.34,2.21,2.16,2.19,2.29,2.4,2.63,2.82,2.39,2.35,255.296,103.435,1.58,102.4176,3.6,150621,-0.58184,2.34,2.39,3.065780303604649,-0.194
2019-06-30,2.0,1.81,1.78,1.83,1.95,2.07,2.36,2.57,2.38,2.17,255.213,103.484,1.53,102.5425,3.6,150839,-0.57635,2.0,2.38,2.841982110164004,-0.3459
2019-07-31,1.96,1.84,1.8,1.83,1.93,2.06,2.36,2.57,2.4,2.1,255.802,103.622,1.56,102.0057,3.7,150936,-0.57909,1.96,2.4,2.885696303826633,-0.4969
2019-08-31,1.77,1.57,1.51,1.49,1.55,1.63,1.91,2.12,2.13,1.95,256.036,103.67,1.35,102.7814,3.6,151171,-0.52934,1.77,2.13,2.428954460774313,-0.0613
2019-09-30,1.8,1.65,1.59,1.57,1.64,1.7,1.97,2.16,2.04,1.89,256.43,103.733,1.35,102.4601,3.5,151365,-0.51214,1.8,2.04,2.4725196198862327,0.0916
2019-10-31,1.61,1.55,1.53,1.53,1.62,1.71,2.0,2.19,1.83,1.65,257.155,103.917,1.44,101.5878,3.6,151460,-0.55028,1.61,1.83,2.537803751983608,-0.1393
2019-11-30,1.57,1.61,1.61,1.64,1.74,1.81,2.13,2.28,1.55,1.54,257.879,104.024,1.5,102.1494,3.6,151668,-0.57292,1.57,1.55,2.7774539567755228,-0.2001
2019-12-31,1.55,1.61,1.63,1.68,1.79,1.86,2.16,2.3,1.55,1.54,258.63,104.307,1.68,101.9421,3.6,151795,-0.55611,1.55,1.55,2.794257502433702,-0.191
2020-01-31,1.53,1.52,1.52,1.56,1.67,1.76,2.07,2.22,1.55,1.52,259.127,104.49,1.6,101.3372,3.6,152031,-0.62303,1.53,1.55,2.5576537656023515,-0.1352
2020-02-29,1.41,1.33,1.31,1.32,1.42,1.5,1.81,1.97,1.58,1.52,259.25,104.573,1.33,101.6718,3.5,152292,-0.29719,1.41,1.58,2.2918071451143125,0.6474
2020-03-31,0.33,0.45,0.5,0.59,0.78,0.87,1.26,1.46,0.65,0.29,258.076,104.271,0.49,97.606,4.4,150895,0.27661,0.33,0.65,2.180617181124802,5.3409
2020-04-30,0.18,0.22,0.28,0.39,0.55,0.66,1.06,1.27,0.05,0.14,256.032,103.838,0.72,84.6812,14.8,130424,0.16658,0.18,0.05,1.7763352792052969,2.388
2020-05-31,0.16,0.17,0.22,0.34,0.53,0.67,1.12,1.38,0.05,0.13,255.802,103.942,0.83,86.0108,13.2,133040,-0.26858,0.16,0.05,1.888885321482372,0.1933
2020-06-30,0.18,0.19,0.22,0.34,0.55,0.73,1.27,1.49,0.08,0.16,257.042,104.27,1.16,91.6745,11.0,137671,-0.38622,0.18,0.08,2.004431407269893,0.4948
2020-07-31,0.15,0.15,0.17,0.28,0.46,0.62,1.09,1.31,0.09,0.13,258.352,104.578,1.4,95.0037,10.2,139255,-0.47817,0.15,0.09,1.7824374274531078,-0.0782
2020-08-31,0.13,0.14,0.16,0.27,0.46,0.65,1.14,1.36,0.1,0.1,259.316,104.87,1.69,95.9294,8.4,140819,-0.51038,0.13,0.1,1.8322930283573748,-0.269
2020-09-30,0.13,0.13,0.16,0.27,0.46,0.68,1.21,1.42,0.09,0.11,259.997,105.057,1.5,95.8914,7.8,141770,-0.49356,0.13,0.09,1.8980291235443008,0.2494
2020-10-31,0.13,0.15,0.19,0.34,0.55,0.79,1.34,1.57,0.09,0.1,260.319,105.151,1.59,96.5256,6.9,142461,-0.5073,0.13,0.09,2.067456747672773,0.3831
2020-11-30,0.12,0.17,0.22,0.39,0.63,0.87,1.4,1.62,0.09,0.09,260.911,105.258,1.68,96.9529,6.7,142731,-0.56861,0.12,0.09,2.085734737736751,-0.3981
2020-12-31,0.1,0.14,0.19,0.39,0.66,0.93,1.47,1.67,0.09,0.09,262.045,105.699,1.95,98.2039,6.7,142548,-0.60546,0.1,0.09,2.103966300026945,-0.4182
2021-01-31,0.1,0.13,0.2,0.45,0.77,1.08,1.63,1.82,0.09,0.08,262.639,106.147,2.21,98.8135,6.4,142913,-0.62031,0.1,0.09,2.2340728404175985,-0.2685
2021-02-28,0.07,0.12,0.21,0.54,0.91,1.26,1.88,2.04,0.08,0.04,263.573,106.5,2.39,95.5072,6.2,143422,-0.62812,0.07,0.08,2.4680622480937773,-0.4439
2021-03-31,0.08,0.15,0.32,0.82,1.27,1.61,2.24,2.34,0.07,0.03,264.847,107.054,2.54,98.1929,6.1,144246,-0.64936,0.08,0.07,2.712828391019177,-0.6255
2021-04-30,0.06,0.16,0.35,0.86,1.31,1.64,2.2,2.3,0.07,0.02,266.625,107.618,2.57,98.3317,6.1,144611,-0.68294,0.06,0.07,2.643476050939355,-0.8042
2021-05-31,0.05,0.16,0.32,0.82,1.28,1.62,2.22,2.32,0.06,0.02,268.404,108.175,2.57,99.1867,5.8,145032,-0.69487,0.05,0.06,2.690785734760424,-0.8123
2021-06-30,0.07,0.2,0.39,0.84,1.23,1.52,2.09,2.16,0.08,0.04,270.71,108.76,2.47,99.6483,5.9,145828,-0.6879,0.07,0.08,2.483451828070991,-0.8032
2021-07-31,0.08,0.22,0.4,0.76,1.07,1.32,1.87,1.94,0.1,0.05,271.965,109.256,2.56,100.0668,5.4,146759,-0.65693,0.08,0.1,2.2571447887261917,-0.7651
2021-08-31,0.07,0.22,0.42,0.77,1.06,1.28,1.83,1.92,0.09,0.05,272.752,109.674,2.48,100.0412,5.1,147246,-0.64846,0.07,0.09,2.253942695045048,-0.7671
2021-09-30,0.08,0.24,0.47,0.86,1.16,1.37,1.87,1.94,0.08,0.04,273.942,110.034,2.51,98.9955,4.7,147712,-0.65489,0.08,0.08,2.207460460792128,-0.5452
2021-10-31,0.11,0.39,0.67,1.11,1.4,1.58,2.03,2.06,0.08,0.05,276.528,110.762,2.89,100.3542,4.5,148569,-0.62381,0.11,0.08,2.2721543418573624,-0.8123
2021-11-30,0.18,0.51,0.82,1.2,1.45,1.56,1.97,1.94,0.08,0.05,278.824,111.5,2.8,101.2684,4.2,149206,-0.5522,0.18,0.08,2.1019962929418705,-0.49
2021-12-31,0.3,0.68,0.95,1.23,1.4,1.47,1.9,1.85,0.08,0.06,280.806,112.191,2.87,101.1948,3.9,149781,-0.55705,0.3,0.08,1.941739926798895,-0.7714
2022-01-31,0.55,0.98,1.25,1.54,1.7,1.76,2.15,2.1,0.08,0.15,282.542,112.805,2.82,101.2146,4.0,150006,-0.54287,0.55,0.08,2.1655317399161413,-0.208
2022-02-28,1.0,1.44,1.65,1.81,1.91,1.93,2.31,2.25,0.08,0.33,284.525,113.471,3.11,101.8458,3.8,150875,-0.43894,1.0,0.08,2.2380040718170595,-0.0135
2022-03-31,1.34,1.91,2.09,2.11,2.15,2.13,2.51,2.41,0.2,0.44,287.467,114.469,3.34,102.6732,3.7,151346,-0.37281,1.34,0.2,2.324501181473294,-0.6144
2022-04-30,1.89,2.54,2.72,2.78,2.8,2.75,2.99,2.81,0.33,0.76,288.582,114.812,3.3,102.9024,3.7,151651,-0.33646,1.89,0.33,2.796143635589699,0.1701
2022-05-31,2.06,2.62,2.79,2.87,2.92,2.9,3.26,3.07,0.77,0.98,291.299,115.525,2.96,102.9659,3.6,151892,-0.26029,2.06,0.77,3.0419529835412176,0.2679
2022-06-30,2.65,3.0,3.15,3.19,3.21,3.14,3.48,3.25,1.21,1.49,295.072,116.638,2.58,102.8224,3.6,152353,-0.1732,2.65,1.21,3.22762895350172,0.358
2022-07-31,3.02,3.04,3.03,2.96,2.97,2.9,3.35,3.1,1.68,2.23,294.94,116.631,2.73,103.0505,3.5,153049,-0.22057,3.02,1.68,5.282199736190162,-0.204
2022-08-31,3.28,3.25,3.23,3.03,2.98,2.9,3.35,3.13,2.33,2.63,295.162,116.956,2.58,103.1703,3.6,153286,-0.22627,3.28,2.33,5.368326241420084,-0.2109
2022-09-30,3.89,3.86,3.88,3.7,3.64,3.52,3.82,3.56,2.56,3.13,296.421,117.371,2.14,103.5326,3.5,153513,-0.10761,3.89,2.56,3.4929664919179366,0.5104
2022-10-31,4.43,4.38,4.38,4.18,4.09,3.98,4.28,4.04,3.08,3.72,297.979,117.919,2.67,103.4442,3.6,153913,-0.12922,4.43,3.08,3.961669514036122,-0.3013
2022-11-30,4.73,4.5,4.34,4.06,3.99,3.89,4.22,4.0,3.78,4.15,298.708,118.224,2.41,103.1058,3.6,154210,-0.18486,4.73,3.78,4.160870221482561,-0.2359
2022-12-31,4.68,4.29,4.05,3.76,3.72,3.62,3.87,3.66,4.1,4.25,298.808,118.384,2.33,101.8266,3.5,154336,-0.22586,4.68,4.1,3.7010171994444447,-0.0429
2023-01-31,4.69,4.21,3.91,3.64,3.59,3.53,3.81,3.66,4.33,4.54,300.456,119.018,2.27,102.7476,3.5,154780,-0.31106,4.69,4.33,3.7447866899285303,-0.5128
2023-02-28,4.93,4.53,4.23,3.94,3.86,3.75,3.95,3.8,4.57,4.65,301.476,119.369,2.58,102.8003,3.6,155086,-0.27461,4.93,4.57,3.86139592896786,-0.2337
2023-03-31,4.68,4.3,4.09,3.82,3.77,3.66,3.94,3.77,4.65,4.69,301.643,119.538,2.4,102.8143,3.5,155171,-0.15722,4.68,4.65,3.855579391393884,-0.277
2023-04-30,4.68,4.02,3.76,3.54,3.5,3.46,3.8,3.68,4.83,4.92,302.858,119.951,2.2,103.2241,3.4,155387,-0.19639,4.68,4.83,3.75095700189291,-0.2967
2023-05-31,4.91,4.13,3.82,3.59,3.58,3.57,3.96,3.86,5.06,5.14,303.316,120.15,2.07,102.9809,3.6,155614,-0.21742,4.91,5.06,3.9657654383925833,-0.3233
2023-06-30,5.24,4.64,4.27,3.95,3.85,3.75,4.04,3.87,5.08,5.16,304.099,120.469,2.18,102.3809,3.6,155871,-0.23231,5.24,5.08,3.943777310014986,-0.6959
2023-07-31,5.37,4.83,4.47,4.14,4.03,3.9,4.15,3.96,5.12,5.25,304.615,120.607,2.27,103.0722,3.5,156019,-0.28471,5.37,5.12,4.012490649725886,-0.7581
2023-08-31,5.37,4.9,4.59,4.31,4.26,4.17,4.46,4.28,5.33,5.3,306.138,120.97,2.15,103.0951,3.7,156176,-0.33904,5.37,5.33,4.359079976401071,-0.6805
2023-09-30,5.44,5.02,4.74,4.49,4.46,4.38,4.65,4.47,5.33,5.32,307.374,121.419,2.22,103.3081,3.8,156334,-0.31852,5.44,5.33,4.535669263549231,-0.4966
2023-10-31,5.42,5.07,4.89,4.77,4.82,4.8,5.13,4.95,5.33,5.34,307.653,121.484,2.4,102.5781,3.9,156520,-0.29113,5.42,5.33,5.027962840838568,-0.3492
2023-11-30,5.28,4.88,4.64,4.49,4.53,4.5,4.84,4.66,5.33,5.27,308.087,121.493,2.15,102.8868,3.7,156661,-0.32584,5.28,5.33,4.749673800238148,-0.7344
2023-12-31,4.96,4.46,4.19,4.0,4.04,4.02,4.32,4.14,5.33,5.24,308.735,121.66,2.12,102.6309,3.8,156930,-0.37159,4.96,5.33,4.209584820060199,-0.4168
2024-01-31,4.79,4.32,4.11,3.98,4.03,4.06,4.39,4.26,5.33,5.22,309.794,122.23,2.24,101.483,3.7,157049,-0.40172,4.79,5.33,4.3586042459420025,-0.8301
2024-02-29,4.92,4.54,4.33,4.19,4.21,4.21,4.49,4.38,5.33,5.24,311.022,122.598,2.4,102.7267,3.9,157271,-0.43113,4.92,5.33,4.471814395679413,-0.6712
2024-03-31,4.99,4.59,4.38,4.2,4.21,4.21,4.46,4.36,5.33,5.24,312.107,123.038,2.38,102.5186,3.9,157517,-0.43549,4.99,5.33,4.444386164460469,-0.9322
2024-04-30,5.14,4.87,4.71,4.56,4.56,4.54,4.77,4.66,5.33,5.24,313.016,123.341,2.43,102.3568,3.9,157635,-0.41681,5.14,5.33,4.735540806635056,-0.8396
2024-05-31,5.16,4.86,4.66,4.5,4.49,4.48,4.71,4.62,5.33,5.25,313.14,123.348,2.34,102.9797,4.0,157828,-0.41452,5.16,5.33,4.711423268038244,-0.8472
2024-06-30,5.11,4.74,4.5,4.32,4.3,4.31,4.54,4.44,5.33,5.24,313.131,123.539,2.24,103.2534,4.1,157915,-0.38784,5.11,5.33,4.5231307963234375,-0.8322
2024-07-31,4.9,4.5,4.29,4.16,4.19,4.25,4.56,4.46,5.33,5.2,313.566,123.736,2.13,102.5192,4.2,158003,-0.36888,4.9,5.33,4.576853800023221,-0.6186
2024-08-31,4.43,3.97,3.79,3.71,3.77,3.87,4.25,4.15,5.33,5.05,314.131,123.889,2.01,103.0196,4.2,158074,-0.39711,4.43,5.33,4.286871386876206,-0.6464
2024-09-30,4.03,3.62,3.51,3.5,3.6,3.72,4.1,4.04,5.13,4.72,314.851,124.164,2.07,102.5954,4.1,158314,-0.4327,4.03,5.13,4.187470575675353,-0.2663
2024-10-31,4.2,3.97,3.9,3.91,3.99,4.1,4.44,4.38,4.83,4.51,315.564,124.494,2.38,102.2138,4.1,158358,-0.44902,4.2,4.83,4.520973413607126,-0.3807
2024-11-30,4.33,4.26,4.21,4.23,4.29,4.36,4.63,4.54,4.64,4.42,316.449,124.637,2.33,101.9503,4.2,158619,-0.47883,4.33,4.64,4.644798551611352,-0.6181
2024-12-31,4.23,4.23,4.22,4.25,4.32,4.39,4.66,4.58,4.48,4.27,317.603,124.979,2.38,103.0447,4.1,158942,-0.48849,4.23,4.48,4.697009427630888,-0.6219
2025-01-31,4.18,4.27,4.33,4.43,4.53,4.63,4.92,4.85,4.33,4.21,319.086,125.417,2.54,102.8805,4.0,159053,-0.5129,4.18,4.33,4.979320254952385,-0.7644
2025-02-28,4.19,4.21,4.22,4.28,4.37,4.45,4.73,4.68,4.33,4.22,319.775,125.921,2.58,103.8705,4.1,159155,-0.4838,4.19,4.33,4.818333649702048,-0.4588
2025-03-31,4.06,3.97,3.96,4.04,4.16,4.28,4.63,4.6,4.33,4.2,319.615,125.941,2.61,103.5408,4.2,159275,-0.41432,4.06,4.33,4.769034233838945,-0.6229
2025-04-30,3.95,3.78,3.78,3.91,4.08,4.28,4.74,4.71,4.33,4.21,320.321,126.15,2.29,103.6224,4.2,159433,-0.39536,3.95,4.33,4.927288373783818,-0.2698
2025-05-31,4.09,3.92,3.9,4.02,4.22,4.42,4.92,4.9,4.33,4.25,320.58,126.38,2.39,103.657,4.2,159452,-0.46917,4.09,4.33,5.152853581432205,-0.5395
