,FEDFUNDS,TB3MS,T5YIE,UNRATE,CPIAUCSL_YOY,PCEPI_YOY,INDPRO_YOY,PAYEMS_YOY,NFCI,STLFSI4,SPREAD_2s10s,SPREAD_3m10y,SPREAD_5s30s
2003-01-31,1.24,1.17,1.49,5.8,,,,,-0.52835,0.905,-2.3099999999999996,-2.88,-2.09
2003-02-28,1.26,1.17,1.75,5.9,,,,,-0.54171,0.65,-2.27,-2.73,-2.1199999999999997
2003-03-31,1.25,1.13,1.65,5.9,,,,,-0.59268,0.6356,-2.24,-2.68,-2.2500000000000004
2003-04-30,1.26,1.13,1.45,6.0,,,,,-0.68757,0.2332,-2.34,-2.83,-2.1999999999999997
2003-05-31,1.26,1.07,1.26,6.1,,,,,-0.71703,0.3887,-2.15,-2.5,-2.2399999999999998
2003-06-30,1.22,0.92,1.45,6.3,,,,,-0.71856,0.434,-2.1,-2.41,-2.35
2003-07-31,1.01,0.9,1.75,6.2,,,,,-0.7163,0.1259,-2.51,-3.08,-2.26
2003-08-31,1.03,0.95,1.99,6.1,,,,,-0.6728,0.0573,-2.59,-3.5,-2.08
2003-09-30,1.01,0.94,1.86,6.1,,,,,-0.68584,0.0095,-2.5599999999999996,-3.3299999999999996,-2.1
2003-10-31,1.01,0.92,2.06,6.0,,,,,-0.72038,-0.2486,-2.54,-3.37,-2.11
2003-11-30,1.0,0.93,2.02,5.8,,,,,-0.72006,-0.3639,-2.37,-3.3699999999999997,-1.96
2003-12-31,0.98,0.9,2.03,5.7,,,,,-0.72863,-0.2429,-2.3599999999999994,-3.3699999999999997,-1.94
2004-01-31,1.0,0.88,2.16,5.7,2.0060309446674474,2.1882879472871153,1.2971685241192965,0.14005336561400128,-0.79124,-0.391,-2.3900000000000006,-3.2700000000000005,-2.01
2004-02-29,1.01,0.93,2.38,5.6,1.6743572361286319,1.9808697347608373,1.79097917743416,0.2901315281322425,-0.81944,-0.5148,-2.34,-3.15,-2.0100000000000002
2004-03-31,1.0,0.94,2.29,5.8,1.725110166976851,1.8786716533225167,1.6740303338020013,0.6917318514037873,-0.80787,-0.3178,-2.25,-2.89,-2.1100000000000003
2004-04-30,1.0,0.94,2.34,5.6,2.266691756429129,2.2340819189209604,2.688912363592255,0.9480773197971359,-0.74425,-0.4066,-2.28,-3.4099999999999997,-1.8900000000000001
2004-05-31,1.0,1.02,2.55,5.6,2.8565671754459565,2.673479491343933,3.462050408190631,1.1462822110175352,-0.69945,-0.5925,-2.19,-3.6999999999999997,-1.6599999999999997
2004-06-30,1.03,1.27,2.43,5.6,3.1185322826999595,2.8499124142270738,2.558150062805975,1.2283581747377426,-0.69105,-0.5495,-1.9700000000000006,-3.4600000000000004,-1.5500000000000003
2004-07-31,1.26,1.33,2.41,5.5,2.8971983443331517,2.6491363469933304,2.778265050175932,1.2738831310688425,-0.70023,-0.5378,-1.8599999999999999,-3.17,-1.6199999999999997
2004-08-31,1.43,1.48,2.27,5.4,2.515519313719583,2.363027211304125,3.076641864549412,1.3636592293257976,-0.70555,-0.6381,-1.7700000000000005,-2.8000000000000003,-1.6800000000000002
2004-09-30,1.61,1.65,2.33,5.4,2.5074666596375472,2.248448852460516,2.5427424341239124,1.4012366005133003,-0.70407,-0.6479,-1.6,-2.48,-1.6200000000000006
2004-10-31,1.76,1.76,2.49,5.5,3.1410620621107554,2.6642042819935874,3.2942491164323684,1.5148404148348504,-0.70961,-0.6748,-1.5199999999999996,-2.34,-1.5900000000000003
2004-11-30,1.93,2.07,2.76,5.4,3.5575824973274273,2.9225021057265543,2.8622599318422814,1.5385211356653272,-0.72014,-0.8353,-1.3400000000000003,-2.1200000000000006,-1.4200000000000004
2004-12-31,2.16,2.19,2.64,5.4,3.2876768004109103,2.755403104461074,3.5891292210908254,1.5500770056718238,-0.70129,-0.8388,-1.2200000000000006,-2.0400000000000005,-1.31
2005-01-31,2.28,2.33,2.58,5.3,2.8051587929216915,2.500505710967449,3.7747307995100066,1.536816352386161,-0.70658,-0.7914,-0.9999999999999996,-1.8899999999999997,-1.0599999999999996
2005-02-28,2.5,2.54,2.82,5.4,3.007348768392948,2.565539658079441,3.875918992590588,1.6774885212688773,-0.71404,-0.9594,-0.79,-1.63,-0.7899999999999996
2005-03-31,2.63,2.74,2.87,5.2,3.156495615442445,2.7104428050691354,4.125761816906159,1.5233503432593665,-0.6688,-0.7328,-0.77,-1.7599999999999998,-0.5999999999999996
2005-04-30,2.79,2.78,2.73,5.2,3.306520060862894,2.804798987614543,3.9460531548194844,1.5906363729230932,-0.61275,-0.7579,-0.69,-1.56,-0.6500000000000004
2005-05-31,3.0,2.84,2.47,5.1,2.8288947691197386,2.5365229099979736,3.300816296488307,1.501237752952278,-0.60272,-0.8042,-0.49999999999999956,-1.2999999999999998,-0.6400000000000001
2005-06-30,3.04,2.97,2.31,5.0,2.50927959054863,2.3142101667641413,4.509077448632937,1.6204101811545968,-0.60753,-0.6858,-0.3599999999999999,-1.0299999999999998,-0.5100000000000002
2005-07-31,3.26,3.22,2.32,5.0,3.0210630849103026,2.644163654893994,3.4558843559639563,1.838843786019062,-0.61687,-0.935,-0.3099999999999996,-0.9599999999999995,-0.3999999999999999
2005-08-31,3.5,3.44,2.44,4.9,3.582007658452291,2.9954864980047624,3.6990723332227304,1.9239229831134352,-0.60159,-0.8226,-0.21999999999999975,-0.8199999999999998,-0.3200000000000003
2005-09-30,3.62,3.42,2.72,5.0,4.6328408046646175,3.758496231834574,1.6307288401804954,1.8474526453484685,-0.56932,-0.8463,-0.25,-0.7800000000000002,-0.4400000000000004
2005-10-31,3.78,3.71,2.64,5.0,4.258145205596442,3.489755841324982,1.9597445378985334,1.6565076204781093,-0.58634,-0.8686,-0.1900000000000004,-0.75,-0.3099999999999996
2005-11-30,4.0,3.88,2.35,5.0,3.2840303652906577,2.89606484192948,2.808355620495817,1.8654537353734568,-0.58436,-0.7824,-0.1200000000000001,-0.6600000000000001,-0.25
2005-12-31,4.16,3.89,2.3,4.9,3.2840303652906577,2.842833513417453,2.5124077586603732,1.888870775376894,-0.5663,-0.6589,-0.0699999999999994,-0.5799999999999996,-0.23000000000000043
2006-01-31,4.29,4.24,2.58,4.7,3.9401361681989044,3.1953387710723646,2.3180793172352665,1.9724211160314198,-0.60517,-0.9962,-0.019999999999999574,-0.17999999999999972,-0.22000000000000064
2006-02-28,4.49,4.43,2.68,4.8,3.5736319296131747,2.9774656317369974,1.6409973682133483,2.007776810494377,-0.63526,-1.1166,0.09999999999999964,-0.14000000000000057,0.0
2006-03-31,4.59,4.51,2.58,4.7,3.3608050987300686,2.8720307841810566,2.008836410646797,2.142822378945475,-0.63035,-1.0434,0.010000000000000675,-0.20999999999999996,-0.010000000000000675
2006-04-30,4.79,4.6,2.67,4.7,3.550068538934159,3.055662562827166,2.097074913754149,1.9939339330846906,-0.62126,-1.0972,-0.10000000000000053,-0.39000000000000057,-0.15999999999999925
2006-05-31,4.94,4.72,2.68,4.6,3.90021578032691,3.2675637555492187,2.028698385477501,1.8967887090846958,-0.58385,-0.7939,-0.14000000000000057,-0.39000000000000057,-0.20000000000000018
2006-06-30,4.99,4.79,2.63,4.6,4.096653750655843,3.4513767334200196,1.9283112591125473,1.767089291560353,-0.53009,-0.8574,0.009999999999999787,-0.3200000000000003,-0.08000000000000007
2006-07-31,5.24,4.95,2.54,4.7,4.022664031825407,3.369920568040552,2.1811269176208015,1.6460942743076856,-0.56042,-0.9359,0.03000000000000025,-0.13999999999999968,-0.08999999999999986
2006-08-31,5.25,4.96,2.44,4.7,3.8514387586324084,3.281449273081538,2.285675993069791,1.6151031770244018,-0.60524,-0.9843,0.020000000000000462,0.08000000000000007,-0.17999999999999972
2006-09-30,5.25,4.81,2.25,4.5,1.992097749455457,2.0586897442020025,4.060382646095739,1.6766365569793606,-0.60739,-0.8073,0.04999999999999982,0.08999999999999986,-0.17999999999999972
2006-10-31,5.25,4.92,2.1,4.4,1.3965314248641114,1.6630642749085212,2.7428035055093503,1.6229374702325217,-0.63003,-1.0071,0.0699999999999994,0.1899999999999995,-0.15999999999999925
2006-11-30,5.25,4.94,2.24,4.5,1.9495743696699819,1.906385551367329,1.6223316489152317,1.5158711202186481,-0.62993,-0.9288,0.14000000000000057,0.34000000000000075,-0.11000000000000032
2006-12-31,5.24,4.85,2.26,4.4,2.492651488183384,2.260997940901799,2.160976799435854,1.535232992929103,-0.63625,-0.9648,0.11000000000000032,0.29000000000000004,-0.14999999999999947
2007-01-31,5.25,4.98,2.42,4.6,2.054514742382274,2.1108275570794532,1.6450611934452297,1.4994894328616226,-0.68307,-1.1285,0.1200000000000001,0.22000000000000064,-0.09999999999999964
2007-02-28,5.26,5.03,2.4,4.5,2.3914366248373398,2.361118167961518,2.562320493432857,1.3370660497466602,-0.66482,-1.1327,0.1299999999999999,0.3100000000000005,-0.11000000000000032
2007-03-31,5.26,4.94,2.51,4.4,2.759763084754141,2.532556951890008,2.5129968859409324,1.2753169364614791,-0.60816,-0.9511,0.010000000000000675,0.3800000000000008,-0.23999999999999932
2007-04-30,5.25,4.87,2.45,4.5,2.559878494901735,2.3040301118654405,2.886222107176728,1.1946736360890498,-0.58981,-1.0106,-0.020000000000000462,0.17999999999999972,-0.28000000000000025
2007-05-31,5.25,4.73,2.33,4.4,2.6738184762487016,2.3257270916553274,2.9148345580469304,1.2718865166107207,-0.55439,-0.9715,0.019999999999999574,-0.019999999999999574,-0.23000000000000043
2007-06-30,5.25,4.61,2.33,4.6,2.657148166818324,2.2911848666168133,2.6059986545361014,1.2638467960011113,-0.52418,-0.5634,-0.11999999999999922,-0.4899999999999993,-0.16999999999999993
2007-07-31,5.26,4.82,2.17,4.7,2.291435522260432,2.1024684327948684,2.5144188643158927,1.1035428645790546,-0.29317,-0.1515,-0.17999999999999972,-0.17999999999999972,-0.23000000000000043
2007-08-31,5.02,4.2,1.97,4.6,1.8796714465866948,1.8563773221659474,2.277185803926862,0.9610348222837573,0.20659,0.9957,-0.3600000000000003,-0.46999999999999975,-0.5
2007-09-30,4.94,3.89,2.11,4.7,2.7944163782901654,2.5030965595735033,2.7025904253335398,0.9253330492446921,0.07594,0.6983,-0.5099999999999998,-0.6299999999999994,-0.5899999999999999
2007-10-31,4.76,3.9,2.26,4.7,3.547040458223716,3.041741302912726,2.5121920841797873,0.9679266036409118,-0.00254,0.7856,-0.56,-0.6300000000000003,-0.5699999999999994
2007-11-30,4.49,3.27,2.24,4.7,4.2803396582697495,3.53635439759179,3.1002964893792395,0.8934078425500758,0.48118,2.0635,-0.8100000000000005,-0.8800000000000003,-0.8499999999999996
2007-12-31,4.24,3.0,2.27,5.0,4.026644880051222,3.412732353417791,2.138439865667152,0.8315120974739187,0.51946,1.3182,-0.9799999999999995,-1.0999999999999996,-1.04
2008-01-31,3.94,2.75,2.15,5.0,4.205031811145332,3.3312977731108084,2.3722298577589562,0.6662752161073371,0.40878,1.6108,-1.2600000000000002,-0.9900000000000002,-1.35
2008-02-29,2.98,2.12,2.3,4.9,4.059437761536788,3.2205033107221226,1.0459757512718326,0.5574801033812804,0.78523,1.4229,-1.7700000000000002,-1.62,-1.7399999999999998
2008-03-31,2.61,1.26,2.19,5.1,3.8979372014913416,3.14128355763037,0.549159752402506,0.344154607743441,0.94209,1.6733,-1.8899999999999997,-2.25,-1.9099999999999997
2008-04-30,2.28,1.29,2.26,5.0,3.8294909498422847,3.0912435926390813,-0.8075062771307095,0.13991440682090683,0.64664,1.694,-1.6300000000000003,-2.39,-1.6000000000000005
2008-05-31,1.98,1.73,2.4,5.4,4.007048490962273,3.2294318783238296,-1.4802969545995026,-0.10295675276132954,0.50046,0.9693,-1.4299999999999997,-2.15,-1.4499999999999997
2008-06-30,2.0,1.86,2.63,5.6,4.818013152732981,3.7405980401665317,-1.768439978409031,-0.26906788979754737,0.70994,1.7335,-1.3299999999999996,-2.2399999999999993,-1.2000000000000002
2008-07-31,2.01,1.63,2.16,5.8,5.351718445415354,4.052423842184538,-2.066522634569523,-0.39631033717650865,0.71328,1.1935,-1.44,-2.38,-1.2700000000000005
2008-08-31,2.0,1.72,1.89,6.1,5.171936664573984,3.90344199005499,-3.8544758238045596,-0.5827996613879449,0.8368,1.5453,-1.4700000000000002,-2.17,-1.3599999999999999
2008-09-30,1.81,1.13,0.97,6.1,4.834549269997446,3.602173990166335,-8.583458227328133,-0.9743112695366207,1.79226,4.5692,-1.6099999999999999,-2.56,-1.3899999999999997
2008-10-31,0.97,0.67,-0.96,6.5,3.663138189931736,2.636772731936876,-7.289845384254523,-1.3728491929398956,2.77717,7.7449,-2.2,-3.14,-1.44
2008-11-30,0.39,0.19,-2.24,6.8,1.09391237236256,0.9207771405972842,-9.168554968628229,-2.0071227480780607,3.05006,6.8359,-2.32,-3.34,-1.71
2008-12-31,0.16,0.03,-0.26,7.3,-0.022230473340467682,0.1294851443397249,-12.093118411507042,-2.597111296611132,2.69595,4.7724,-1.6,-2.39,-1.35
2009-01-31,0.15,0.13,0.38,7.8,-0.11365057683114799,-0.11116531879729052,-14.488934386580787,-3.16612920126218,2.11713,4.0256,-1.71,-2.39,-1.5299999999999998
2009-02-28,0.22,0.3,0.58,8.3,0.008462782567963956,-0.1313346504617563,-14.721925954558657,-3.6890696445842863,2.12259,4.1517,-1.8900000000000001,-2.5700000000000003,-1.7199999999999998
2009-03-31,0.18,0.21,0.73,8.7,-0.4474784608338389,-0.527138615734124,-15.978914018224089,-4.259200578703393,1.91301,3.1981,-1.8899999999999997,-2.61,-1.82
2009-04-30,0.15,0.16,0.82,9.0,-0.5779915821649162,-0.5691907808367702,-16.078985091553655,-4.6084067872740775,1.36852,2.8237,-2.0,-2.77,-1.8999999999999997
2009-05-31,0.18,0.18,1.36,9.4,-1.0209555557125327,-0.893189919347126,-16.451778748868406,-4.740991570860231,0.86586,1.3581,-2.36,-3.11,-2.1000000000000005
2009-06-30,0.21,0.18,1.34,9.5,-1.2367914498850219,-1.023848173042552,-16.50817015612276,-4.981212441282956,0.71643,1.6317,-2.54,-3.54,-1.8099999999999996
2009-07-31,0.16,0.18,1.32,9.5,-1.9781989747510664,-1.4768613045404777,-14.866598334237313,-5.099553534742718,0.40979,0.5082,-2.54,-3.38,-1.9500000000000002
2009-08-31,0.16,0.17,1.12,9.6,-1.4949545348335924,-1.1062158392555865,-12.167297279707778,-5.036124265044428,0.22461,0.5275,-2.4699999999999998,-3.42,-1.8000000000000003
2009-09-30,0.15,0.12,1.37,9.8,-1.3875246181172862,-1.028014689062573,-6.828683320494111,-4.880954108461744,0.09799,0.1611,-2.44,-3.28,-1.8200000000000003
2009-10-31,0.12,0.07,1.61,10.0,-0.22421947830295608,0.013384342569899843,-7.60210237186012,-4.679572024274137,0.01732,0.4103,-2.4400000000000004,-3.3200000000000003,-1.8600000000000003
2009-11-30,0.12,0.05,1.75,9.9,1.896489585471972,1.4500478186623589,-5.876840183016707,-4.130842834579163,-0.03558,0.1446,-2.5999999999999996,-3.35,-2.0799999999999996
2009-12-31,0.12,0.05,2.13,9.9,2.7752542063598895,2.068183154843428,-2.668286016486121,-3.8084366744516984,-0.15469,-0.2493,-2.7199999999999998,-3.54,-2.1500000000000004
2010-01-31,0.11,0.06,1.91,9.8,2.5873489607178612,2.275630613995361,0.9219437359975657,-3.2411507682965635,-0.2037,0.0403,-2.8,-3.67,-2.1199999999999997
2010-02-28,0.13,0.11,1.83,9.8,2.1285217498988374,2.094246942692024,1.8738890424606858,-2.7467109855631833,-0.24819,-0.2434,-2.83,-3.58,-2.2600000000000002
2010-03-31,0.16,0.15,1.83,9.9,2.260430128615809,2.3450046133883795,4.153039139703907,-2.0026816902646516,-0.42109,-0.4098,-2.77,-3.58,-2.2099999999999995
2010-04-30,0.2,0.16,2.01,9.9,2.1827739611836705,2.2564715397620283,5.300955575677602,-1.2987840092909764,-0.35496,-0.2072,-2.79,-3.69,-2.1100000000000003
2010-05-31,0.2,0.16,1.69,9.6,1.983742011461409,2.184436086555497,7.655013947596423,-0.6295063728048333,-0.07292,1.0053,-2.59,-3.26,-2.11
2010-06-30,0.18,0.12,1.54,9.4,1.1153177381444834,1.5501418021176327,8.192126256505983,-0.3808566986071682,-0.07511,0.5687,-2.4800000000000004,-3.08,-2.13
2010-07-31,0.18,0.16,1.43,9.4,1.3318695897958754,1.6241293977926397,7.387411573824387,-0.1892162646988993,-0.25006,0.1581,-2.3899999999999997,-2.8499999999999996,-2.2300000000000004
2010-08-31,0.19,0.16,1.19,9.5,1.1436132834318435,1.4715150709874614,6.6466501541728285,-0.04293030025159794,-0.27268,0.4421,-2.18,-2.54,-2.33
2010-09-30,0.19,0.15,1.3,9.5,1.1121053678139425,1.4095700156848245,6.073037216862787,0.07291175315042864,-0.33578,0.0697,-2.17,-2.5,-2.3600000000000003
2010-10-31,0.19,0.13,1.48,9.4,1.1599417381349397,1.3492760529117298,5.576184052692845,0.4288740399800872,-0.43647,-0.2394,-2.16,-2.41,-2.6900000000000004
2010-11-30,0.19,0.14,1.54,9.8,1.0787057695652358,1.2987267301513228,5.238857012218379,0.5298949927526664,-0.45346,0.0127,-2.3099999999999996,-2.6199999999999997,-2.8400000000000003
2010-12-31,0.18,0.14,1.83,9.3,1.4275547979703873,1.4668570526033875,5.887572784006512,0.7842334870076684,-0.52692,-0.2558,-2.67,-3.15,-2.49
2011-01-31,0.17,0.15,1.96,9.1,1.6864820984663353,1.5478242497255934,4.600693242256959,0.7942061167577563,-0.59824,-0.28,-2.7800000000000002,-3.24,-2.5299999999999994
2011-02-28,0.16,0.13,2.15,9.0,2.1026370112833703,1.8282165430838049,3.8357858471321116,1.0362071692743058,-0.57663,-0.1075,-2.81,-3.45,-2.3900000000000006
2011-03-31,0.14,0.1,2.21,9.0,2.5855268252593433,2.088582555277263,4.164335242587569,1.0852231936476997,-0.55184,-0.3411,-2.71,-3.31,-2.4
2011-04-30,0.1,0.06,2.45,9.1,3.0308370223773196,2.457647468863655,3.4724737971563613,1.1287120673642903,-0.60383,-0.5323,-2.73,-3.4,-2.33
2011-05-31,0.09,0.04,2.0,9.0,3.4004941179468062,2.728677786417677,2.233185690994688,0.8088568076999536,-0.56478,-0.2927,-2.61,-3.13,-2.45
2011-06-30,0.09,0.04,2.03,9.1,3.442382405719613,2.7502825656068097,2.3082175556550233,1.0836868742135408,-0.52325,-0.1316,-2.59,-2.96,-2.6500000000000004
2011-07-31,0.07,0.04,2.07,9.0,3.517292591450172,2.8351275789952446,2.399999102639949,1.2027217325305983,-0.39856,-0.2804,-2.59,-2.96,-2.7299999999999995
2011-08-31,0.1,0.02,1.72,9.0,3.6862126476173707,2.933285240638206,2.668160474235215,1.3019102838301322,-0.14088,0.8531,-2.07,-2.28,-2.63
2011-09-30,0.08,0.01,1.5,9.0,3.7417373621400074,2.974354612639374,2.3112872364898784,1.524282803454824,-0.04173,1.1281,-1.77,-1.97,-2.2800000000000002
2011-10-31,0.07,0.02,1.88,8.8,3.4616554596579974,2.6579926418442312,3.2779616209254847,1.468256520696265,-0.10719,0.2974,-1.8699999999999999,-2.13,-2.07
2011-11-30,0.08,0.01,1.76,8.6,3.3932062617840764,2.6634723957849715,3.195660851269011,1.473612581611583,-0.07564,1.22,-1.7599999999999998,-1.9999999999999998,-2.11
2011-12-31,0.07,0.01,1.59,8.5,3.01612114209604,2.495233383505191,2.729015739390217,1.5607897665990578,-0.15244,0.6418,-1.72,-1.97,-2.09
2012-01-31,0.08,0.03,1.88,8.3,2.9643908697416066,2.536860304996935,3.5456023814676385,1.823726525041991,-0.32835,0.3098,-1.73,-1.94,-2.19
2012-02-29,0.1,0.09,1.99,8.3,2.856975448285848,2.4820936304251973,4.274534087114379,1.8536688365253795,-0.41276,0.0543,-1.69,-1.88,-2.28
2012-03-31,0.13,0.08,2.02,8.2,2.55008252286002,2.2720204986621972,2.72153418361345,1.860975111445562,-0.44109,0.008,-1.8299999999999998,-2.09,-2.26
2012-04-30,0.14,0.08,2.06,8.2,2.2477119945619073,1.9801144372103785,3.7655025003876297,1.6788754000652162,-0.38414,-0.0179,-1.7599999999999998,-1.9699999999999998,-2.29
2012-05-31,0.16,0.09,1.72,8.2,1.7230134384217166,1.5646359586656722,3.8567403860932714,1.6782694563508116,-0.266,0.349,-1.51,-1.71,-2.17
2012-06-30,0.16,0.09,1.72,8.2,1.6403429586643092,1.534190553104775,3.5795288101771128,1.5650289536040418,-0.27949,0.1075,-1.33,-1.53,-1.9900000000000002
2012-07-31,0.16,0.1,1.83,8.2,1.407558729848013,1.4001777356871692,3.3053394270861958,1.6261865028178946,-0.37158,0.0953,-1.28,-1.43,-1.9699999999999998
2012-08-31,0.13,0.1,1.95,8.1,1.67188077526923,1.500552646813702,2.2623940986388646,1.6610567938863952,-0.46574,-0.0842,-1.41,-1.5799999999999998,-2.06
2012-09-30,0.14,0.11,2.11,7.8,1.9309534160266928,1.6640485984876996,2.28602368508799,1.6285991802169164,-0.53284,-0.2293,-1.46,-1.6099999999999999,-2.21
2012-10-31,0.16,0.1,2.12,7.8,2.1327719237691944,1.9575910400629226,1.9066907125841581,1.5829924786519456,-0.5548,-0.357,-1.47,-1.65,-2.19
2012-11-30,0.16,0.09,2.01,7.7,1.7800818183119738,1.6848285133686858,2.304605106737423,1.5962060674945988,-0.56048,-0.4889,-1.38,-1.5599999999999998,-2.13
2012-12-31,0.16,0.07,2.09,7.9,1.74420490055045,1.6113308959967654,2.0657288849542432,1.6316108219482928,-0.60495,-0.3791,-1.46,-1.65,-2.1799999999999997
2013-01-31,0.14,0.07,2.33,8.0,1.6700386614722618,1.4600960350834136,1.4508821808920658,1.4987133504915207,-0.64857,-0.6738,-1.64,-1.8399999999999999,-2.27
2013-02-28,0.15,0.1,2.18,7.7,1.9980459426809816,1.5918699192055463,1.6118107086842137,1.5142287368187013,-0.65574,-0.6319,-1.71,-1.88,-2.32
2013-03-31,0.14,0.09,2.24,7.5,1.5073297321459123,1.268908115955636,2.542058757690935,1.440806999756994,-0.66882,-0.6357,-1.7,-1.8699999999999999,-2.3400000000000003
2013-04-30,0.15,0.06,2.06,7.6,1.1323724421044012,1.0358419057889812,1.7263821653615175,1.5187649642372847,-0.70965,-0.6946,-1.53,-1.7,-2.22
2013-05-31,0.11,0.04,1.87,7.5,1.3808115942114618,1.2215388792505166,1.6069736914733568,1.6013496380471892,-0.69653,-0.374,-1.68,-1.89,-2.27
2013-06-30,0.09,0.05,1.76,7.5,1.7012400261643634,1.494286124498423,1.774637076504515,1.6774906751818364,-0.63514,0.0626,-1.9699999999999998,-2.25,-2.2
2013-07-31,0.09,0.04,1.87,7.3,1.8679171018338714,1.582524608743885,1.24873106133494,1.65150049223719,-0.66628,-0.5003,-2.24,-2.54,-2.21
2013-08-31,0.08,0.04,1.78,7.2,1.5270898906586616,1.3950126247614492,2.2528550696775618,1.7034627953959713,-0.66961,-0.1841,-2.3800000000000003,-2.7,-2.2399999999999998
2013-09-30,0.08,0.02,1.74,7.2,1.088785270925996,1.1348219171867235,2.838622636278121,1.6982917072230208,-0.68241,-0.3583,-2.41,-2.79,-2.19
2013-10-31,0.09,0.05,1.74,7.2,0.8729775818349772,0.971373771827988,2.40354205044202,1.746766089463847,-0.73241,-0.591,-2.2800000000000002,-2.5700000000000003,-2.31
2013-11-30,0.08,0.07,1.69,6.9,1.2253322438004588,1.188381156525864,2.2718588249988514,1.830719790028823,-0.77566,-0.5882,-2.4200000000000004,-2.6500000000000004,-2.4299999999999997
2013-12-31,0.09,0.07,1.69,6.7,1.5015090867017022,1.3785543209327678,2.201512746714851,1.6877077519829697,-0.7852,-0.6866,-2.56,-2.83,-2.31
2014-01-31,0.07,0.04,1.72,6.6,1.545750281811209,1.3956211493799664,1.8331840774407304,1.689078269805755,-0.76874,-0.3493,-2.4699999999999998,-2.82,-2.12
2014-02-28,0.07,0.05,1.79,6.7,1.1142438176857894,1.0880413566741964,2.1102089256016754,1.5860859400431693,-0.78138,-0.6717,-2.38,-2.66,-2.14
2014-03-31,0.08,0.05,1.7,6.7,1.5998291291059452,1.3801355814120342,2.686045526586689,1.6779481206373958,-0.78121,-0.6466,-2.3200000000000003,-2.6700000000000004,-1.9800000000000002
2014-04-30,0.09,0.03,1.96,6.2,1.995090359296281,1.659271452192268,2.871915417686388,1.7682920539650482,-0.77424,-0.7332,-2.29,-2.68,-1.82
2014-05-31,0.09,0.03,1.93,6.3,2.1438031323914863,1.7507508149550155,3.180852186541383,1.7603793183717187,-0.79489,-0.7811,-2.17,-2.5300000000000002,-1.8
2014-06-30,0.1,0.04,2.0,6.1,2.0380712080756425,1.637970336096295,3.325686383193638,1.8682756778336085,-0.78831,-0.8131,-2.15,-2.56,-1.74
2014-07-31,0.09,0.03,1.97,6.2,1.9550025496311463,1.6554629732056902,3.8644510986392433,1.9473214300395725,-0.74431,-0.7034,-2.0300000000000002,-2.5100000000000002,-1.6300000000000001
2014-08-31,0.09,0.03,1.76,6.1,1.7005565715979998,1.4950126621402937,3.109760243680171,1.9013674658731716,-0.72778,-0.6775,-1.95,-2.39,-1.5700000000000003
2014-09-30,0.09,0.02,1.56,5.9,1.6700280492135455,1.4861511755377421,2.878264462151936,1.9842610039116693,-0.67822,-0.3709,-1.96,-2.51,-1.4899999999999998
2014-10-31,0.09,0.02,1.53,5.7,1.596725913786301,1.324139313651429,3.0144524985793453,1.9911219213227582,-0.64793,-0.4839,-1.8499999999999999,-2.28,-1.49
2014-11-30,0.09,0.02,1.39,5.8,1.2240034107743547,1.0799073620422206,3.3765158134372975,2.0000234084443846,-0.6527,-0.4181,-1.8,-2.31,-1.42
2014-12-31,0.12,0.03,1.27,5.6,0.6509977956253188,0.7295908023516873,3.1779862523015012,2.1539194528481076,-0.57387,-0.4929,-1.5699999999999998,-2.18,-1.1900000000000002
2015-01-31,0.11,0.03,1.29,5.7,-0.2301957253808773,0.041393299015979323,2.7641266604732095,2.162390236284395,-0.50652,-0.0073,-1.3299999999999998,-1.8499999999999999,-1.0899999999999999
2015-02-28,0.11,0.02,1.49,5.5,-0.0870693573011394,0.17055589838781415,1.3697716727627096,2.2367638796598754,-0.52678,-0.2381,-1.3599999999999999,-1.96,-1.0999999999999999
2015-03-31,0.11,0.03,1.51,5.4,-0.02203371166791257,0.19915083740134065,0.042647192417266666,2.1068658323631695,-0.54082,-0.2141,-1.4,-2.0100000000000002,-1.1099999999999999
2015-04-30,0.12,0.02,1.72,5.4,-0.10408513918598317,0.11026325177718732,-0.592753965525894,2.0745449584511633,-0.54806,-0.4062,-1.4,-1.92,-1.2399999999999998
2015-05-31,0.12,0.02,1.57,5.6,0.03502708304532476,0.18511477256719644,-1.4499282858837503,2.161126779319389,-0.5496,-0.2012,-1.5900000000000003,-2.18,-1.42
2015-06-30,0.13,0.02,1.61,5.3,0.17941077233718516,0.2700636752746455,-2.0869942370747907,2.038864743655111,-0.54236,-0.3232,-1.67,-2.34,-1.43
2015-07-31,0.13,0.03,1.36,5.2,0.22543182246153037,0.21949177000033515,-1.673632031888328,2.076470018282528,-0.50244,-0.1036,-1.65,-2.29,-1.44
2015-08-31,0.14,0.07,1.26,5.1,0.24101312842326195,0.23898550281451492,-1.6858281419029453,2.0299637328742293,-0.41904,0.6585,-1.47,-2.1,-1.3199999999999998
2015-09-30,0.14,0.02,1.07,5.0,0.008842570667333405,0.06567807717230423,-2.2682572878584217,1.9245692270956738,-0.40618,0.4101,-1.46,-2.15,-1.4600000000000002
2015-10-31,0.12,0.02,1.2,5.0,0.12753519995021279,0.09545266324320067,-2.7619281216595404,1.9704861716499877,-0.46895,-0.0165,-1.4299999999999997,-2.05,-1.5000000000000002
2015-11-30,0.12,0.12,1.3,5.1,0.43536910873953616,0.25355581800594607,-4.099583893300096,1.9215997537228802,-0.44559,0.0375,-1.38,-2.1399999999999997,-1.3599999999999999
2015-12-31,0.24,0.23,1.31,5.0,0.6366935496003201,0.34536667829403456,-4.609770821229642,1.9143898423404693,-0.36298,0.368,-1.2600000000000002,-2.0100000000000002,-1.2700000000000002
2016-01-31,0.34,0.26,1.19,4.8,1.2299080308038057,0.8673760277317477,-3.316505101431133,1.8620727035020934,-0.29854,0.5262,-1.19,-1.8299999999999998,-1.3399999999999999
2016-02-29,0.38,0.31,1.23,4.9,0.8437083293303616,0.6382890873172009,-3.196734151782543,1.815455477529504,-0.31679,0.5394,-1.05,-1.47,-1.4000000000000001
2016-03-31,0.36,0.29,1.49,5.0,0.8876646705649804,0.6831715333526667,-3.6246956303735978,1.9249676388596981,-0.37224,0.1517,-1.0099999999999998,-1.5999999999999999,-1.3000000000000003
2016-04-30,0.37,0.23,1.6,5.1,1.1658037736477667,0.9216466126969358,-2.7522605708436565,1.8656851776436056,-0.38678,0.0596,-1.04,-1.58,-1.36
2016-05-31,0.37,0.27,1.47,4.8,1.0727023823578818,0.8451042726409952,-2.525076073433752,1.655038162670941,-0.37601,-0.0119,-0.9900000000000001,-1.54,-1.3299999999999998
2016-06-30,0.38,0.27,1.38,4.9,1.0735038085898374,0.8261851213322124,-1.7343648739380768,1.7051015679841797,-0.34994,0.2469,-0.9099999999999999,-1.3699999999999999,-1.2800000000000002
2016-07-31,0.39,0.3,1.31,4.8,0.8646147538590832,0.7522477766160662,-2.244929460351308,1.765423096848373,-0.36046,0.227,-0.83,-1.2,-1.16
2016-08-31,0.4,0.3,1.27,4.9,1.0497862708119143,0.8842890797695624,-2.177596523798364,1.7693034776776528,-0.35569,0.2618,-0.8200000000000001,-1.26,-1.13
2016-09-30,0.4,0.29,1.45,5.0,1.5367755028160346,1.2123956136639968,-1.9849292998006973,1.8744325822819263,-0.34019,0.302,-0.8599999999999999,-1.3399999999999999,-1.1700000000000002
2016-10-31,0.4,0.33,1.59,4.9,1.6718709909869567,1.4169174381725824,-1.4406926579478174,1.729257921633831,-0.38064,0.1003,-0.92,-1.43,-1.23
2016-11-30,0.41,0.45,1.77,4.7,1.6703058710160867,1.3877304137765556,-1.104566826872766,1.6493944901251112,-0.43085,-0.1222,-1.1600000000000001,-1.6900000000000002,-1.2599999999999998
2016-12-31,0.54,0.51,1.84,4.7,2.0300531865359517,1.6435770712886821,0.09445031883377197,1.6160637338602513,-0.46888,-0.0625,-1.2900000000000003,-1.9800000000000002,-1.15
2017-01-31,0.65,0.51,1.94,4.7,2.4794005969470234,1.9853709032399358,-0.6287885481190969,1.6743340475528612,-0.48877,-0.2057,-1.2200000000000002,-1.9200000000000002,-1.1
2017-02-28,0.66,0.52,1.89,4.6,2.771595651900416,2.173347618777033,-0.4941264256844491,1.6878242022150047,-0.48973,-0.2302,-1.22,-1.9,-1.13
2017-03-31,0.79,0.74,1.77,4.4,2.411875271120234,1.8884176442995226,0.8982240544305853,1.593095208681028,-0.48276,-0.4173,-1.17,-1.74,-1.0700000000000003
2017-04-30,0.9,0.8,1.81,4.4,2.152881766915282,1.7520350243468208,1.5758003795260045,1.5991845100815638,-0.50966,-0.5877,-1.0599999999999998,-1.4999999999999998,-1.1199999999999999
2017-05-31,0.91,0.89,1.72,4.4,1.8393234242362055,1.545763332693273,1.8884245207170025,1.7087366279758598,-0.54773,-0.6632,-0.9999999999999998,-1.4099999999999997,-1.1199999999999999
2017-06-30,1.04,0.98,1.63,4.3,1.6272539252383034,1.4549125591740264,1.6130475805099742,1.6765146100942374,-0.57138,-0.5663,-0.8499999999999999,-1.21,-1.0299999999999998
2017-07-31,1.15,1.07,1.67,4.3,1.7103963201701156,1.4747043604645071,1.2479822075413871,1.5462456013786152,-0.57954,-0.7272,-0.9499999999999997,-1.2499999999999998,-1.0099999999999998
2017-08-31,1.16,1.01,1.58,4.4,1.9097688270304225,1.5596822066068938,0.8968932208259339,1.5481427655560154,-0.56182,-0.4706,-0.8699999999999999,-1.2,-1.0199999999999998
2017-09-30,1.15,1.03,1.68,4.3,2.1571309611642775,1.7421798381262121,1.1018067808269194,1.3974074380596946,-0.57233,-0.6695,-0.8200000000000003,-1.1700000000000002,-0.9799999999999998
2017-10-31,1.15,1.07,1.79,4.2,2.0006113975012063,1.6680510525820758,2.2689531439688437,1.426366340465357,-0.59885,-0.7486,-0.8099999999999998,-1.2899999999999998,-0.8999999999999999
2017-11-30,1.16,1.23,1.73,4.2,2.14923152856894,1.7778156936511635,2.9111205505561344,1.4971772296217267,-0.60714,-0.8339,-0.6500000000000001,-1.12,-0.75
2017-12-31,1.3,1.32,1.86,4.1,2.107564724618083,1.7509902465210558,2.440182973245264,1.4440511608524886,-0.61962,-0.515,-0.5599999999999998,-1.0799999999999998,-0.5899999999999999
2018-01-31,1.41,1.41,1.98,4.0,2.128504628435035,1.7423814828018358,2.665546404576169,1.3856908664878986,-0.6098,-0.665,-0.5500000000000003,-1.1700000000000002,-0.5
2018-02-28,1.42,1.57,2.04,4.1,2.2382325747230425,1.8209277174667804,3.293839427468015,1.5012088580819594,-0.54755,-0.348,-0.6799999999999997,-1.2899999999999998,-0.5299999999999998
2018-03-31,1.51,1.7,1.92,4.0,2.30419804576103,1.978588262726344,3.125920683708472,1.5708107886261757,-0.50011,0.3276,-0.56,-1.14,-0.45999999999999996
2018-04-30,1.69,1.76,2.1,4.0,2.4409609642525254,2.0259662326287398,3.258453230571412,1.5261874800838626,-0.54146,-0.0353,-0.4900000000000002,-1.11,-0.36999999999999966
2018-05-31,1.7,1.86,2.03,3.8,2.7439291721927717,2.2409095512439414,2.2251781027984308,1.5993835102074527,-0.5672,-0.239,-0.4700000000000002,-1.1199999999999999,-0.31000000000000005
2018-06-30,1.82,1.9,2.06,4.0,2.768861466242001,2.2429642690659612,2.8382364037154773,1.6079279366978838,-0.5403,-0.0707,-0.38000000000000034,-1.0100000000000002,-0.27
2018-07-31,1.91,1.96,2.0,3.8,2.8141534173609095,2.311680635133584,3.214549503308195,1.5200162832355701,-0.56434,-0.5455,-0.28000000000000025,-0.9300000000000002,-0.22999999999999998
2018-08-31,1.91,2.03,1.98,3.8,2.6086020438052415,2.156980304789613,4.34668317912088,1.593562375255253,-0.59978,-0.6796,-0.25,-0.8600000000000003,-0.27
2018-09-30,1.95,2.13,2.03,3.7,2.3052782030269725,1.9900271150064874,4.273946782246796,1.5865903985222474,-0.59546,-0.7563,-0.22999999999999998,-0.8700000000000001,-0.2599999999999998
2018-10-31,2.19,2.25,1.9,3.8,2.4614877571210947,2.0323060958436834,2.8700138402805386,1.6017816073617297,-0.55398,-0.2196,-0.29000000000000004,-0.8999999999999999,-0.33999999999999986
2018-11-30,2.2,2.33,1.77,3.8,2.124598297730884,1.9232780920105164,2.692625326648912,1.5111907505170663,-0.4611,-0.1522,-0.26000000000000023,-0.79,-0.4099999999999997
2018-12-31,2.27,2.37,1.51,3.9,1.9825969223167483,1.8475186713225789,2.4892762178164496,1.5377053558088605,-0.4259,0.6574,-0.1499999999999999,-0.45999999999999996,-0.41999999999999993
2019-01-31,2.4,2.37,1.7,4.0,1.4766332681220184,1.4216784211098954,1.8303130005659973,1.6116216463293753,-0.50752,-0.1319,-0.16999999999999993,-0.33999999999999986,-0.5
2019-02-28,2.4,2.39,1.84,3.8,1.5074423162215744,1.3904616633367617,1.068856512109928,1.34914614858328,-0.58304,-0.528,-0.18000000000000016,-0.29000000000000004,-0.5299999999999998
2019-03-31,2.41,2.4,1.78,3.8,1.865673916713817,1.5103443124300675,0.6260555471325979,1.3497651123310916,-0.60784,-0.3285,-0.1599999999999997,-0.16999999999999993,-0.6099999999999999
2019-04-30,2.42,2.38,1.85,3.7,1.980834757598604,1.5541979916534387,-1.0507323488345044,1.4521265817768025,-0.61645,-0.6391,-0.18999999999999995,-0.1499999999999999,-0.6099999999999999
2019-05-31,2.39,2.35,1.58,3.6,1.779974595956002,1.454918153925533,0.03574243221358131,1.2566932600549308,-0.58184,-0.194,-0.18999999999999995,-0.04999999999999982,-0.6299999999999999
2019-06-30,2.38,2.17,1.53,3.6,1.6573840904157144,1.4159924783001543,-0.6639537512850957,1.2541942532322992,-0.57635,-0.3459,-0.2599999999999998,0.10000000000000009,-0.7399999999999998
2019-07-31,2.4,2.1,1.56,3.7,1.8098542197341416,1.443461315636263,-1.3151613048420607,1.2775380783729418,-0.57909,-0.4969,-0.21999999999999997,0.040000000000000036,-0.7399999999999998
2019-08-31,2.13,1.95,1.35,3.6,1.7227168654438962,1.4202824742473474,-1.2348838199128132,1.25946081522752,-0.52934,-0.0613,-0.05999999999999983,0.32000000000000006,-0.6300000000000001
2019-09-30,2.04,1.89,1.35,3.5,1.6704673825508998,1.2757811855660606,-1.59150238156327,1.3348029906776304,-0.51214,0.0916,-0.050000000000000044,0.18999999999999995,-0.5900000000000001
2019-10-31,1.83,1.65,1.44,3.6,1.7191119291485535,1.2803304979657426,-2.2791259843709,1.2851272932577373,-0.55028,-0.1393,-0.15999999999999992,-0.06000000000000005,-0.6599999999999999
2019-11-30,1.55,1.54,1.5,3.6,2.070702599713048,1.3491354091396346,-1.8075598117736291,1.361522600509879,-0.57292,-0.2001,-0.19999999999999996,-0.27,-0.6399999999999999
2019-12-31,1.55,1.54,1.68,3.6,2.2930353112747603,1.5516619863184644,-2.0419453934012566,1.3169776957452584,-0.55611,-0.191,-0.25,-0.32000000000000006,-0.6199999999999999
2020-01-31,1.55,1.52,1.6,3.6,2.566548531176416,1.778571345330171,-1.9762535143044602,1.3055897325948251,-0.62303,-0.1352,-0.24,-0.24,-0.6600000000000001
2020-02-29,1.58,1.52,1.33,3.5,2.3143283045387264,1.6749905845699686,-1.1279508174239616,1.4731197048211797,-0.29719,0.6474,-0.16999999999999993,0.020000000000000018,-0.6499999999999999
2020-03-31,0.65,0.29,0.49,4.4,1.4829891206053603,1.1594612384289604,-5.2197491752082215,0.39842012928250625,0.27661,5.3409,-0.42,-0.5800000000000001,-0.87
2020-04-30,0.05,0.14,0.72,14.8,0.3125583212112204,0.4613952335388305,-18.876969113849995,-14.379015190448463,0.16658,2.388,-0.44000000000000006,-0.52,-0.88
2020-05-31,0.05,0.13,0.83,13.2,0.19800514395234003,0.488965517047113,-17.45857030724185,-12.411691299103111,-0.26858,0.1933,-0.5,-0.54,-1.0399999999999998
2020-06-30,0.08,0.16,1.16,11.0,0.7141005055379956,0.756667741822703,-11.203308689493685,-9.134626203183416,-0.38622,0.4948,-0.54,-0.57,-1.15
2020-07-31,0.09,0.13,1.4,10.2,0.9919288416800676,0.9183541968045716,-7.111285586531846,-8.054912110381629,-0.47817,-0.0782,-0.47,-0.49,-1.03
2020-08-31,0.1,0.1,1.69,8.4,1.2729335637454042,1.150871051129343,-6.899189854874166,-7.093626860611657,-0.51038,-0.269,-0.51,-0.55,-1.09
2020-09-30,0.09,0.11,1.5,7.8,1.3814369605231747,1.2682769743390665,-6.625715337962923,-6.548811245506236,-0.49356,0.2494,-0.55,-0.5700000000000001,-1.15
2020-10-31,0.09,0.1,1.59,6.9,1.2228786101180944,1.1804908741608777,-5.111519105699802,-6.125328564585608,-0.5073,0.3831,-0.64,-0.6900000000000001,-1.23
2020-11-30,0.09,0.09,1.68,6.7,1.1688870339403579,1.1792837426083835,-5.221115396401821,-6.073218160030613,-0.56861,-0.3981,-0.7,-0.78,-1.23
2020-12-31,0.09,0.09,1.95,6.7,1.3117775848018987,1.3256958244864947,-3.7359075613436765,-6.285214124724092,-0.60546,-0.4182,-0.79,-0.8400000000000001,-1.2799999999999998
2021-01-31,0.09,0.08,2.21,6.4,1.3462176684101657,1.5733552810323737,-2.521933480926908,-6.184839391401731,-0.62031,-0.2685,-0.9500000000000001,-1.0,-1.37
2021-02-28,0.08,0.04,2.39,6.2,1.653752235152517,1.8259593033986832,-6.254834115295527,-6.000839720235263,-0.62812,-0.4439,-1.1400000000000001,-1.22,-1.5
2021-03-31,0.07,0.03,2.54,6.1,2.589818557333068,2.634010081281435,0.5994944381536804,-4.506405533098068,-0.64936,-0.6255,-1.4600000000000002,-1.58,-1.52
2021-04-30,0.07,0.02,2.57,6.1,4.054074012380138,3.57559276125734,14.945284020131755,10.32566971165334,-0.68294,-0.8042,-1.48,-1.6199999999999999,-1.44
2021-05-31,0.06,0.02,2.57,5.8,4.808960039366905,3.9917234845464833,14.253106295747653,8.630457284269433,-0.69487,-0.8123,-1.4600000000000002,-1.6,-1.5
2021-06-30,0.08,0.04,2.47,5.9,5.180864153386899,4.215993096276804,8.340272691141948,5.756106423712559,-0.6879,-0.8032,-1.32,-1.48,-1.3200000000000003
2021-07-31,0.1,0.05,2.56,5.4,5.135038540661618,4.376054791451711,5.192212476486802,5.248500081263785,-0.65693,-0.7651,-1.1,-1.27,-1.18
2021-08-31,0.09,0.05,2.48,5.1,5.051556217832154,4.47908413162077,4.196959688971624,4.462927967507291,-0.64846,-0.7671,-1.06,-1.23,-1.15
2021-09-30,0.08,0.04,2.51,4.7,5.224631266140722,4.628634893600747,3.185809343446433,4.105840587598486,-0.65489,-0.5452,-1.1300000000000001,-1.33,-1.08
2021-10-31,0.08,0.05,2.89,4.5,6.040427962072492,5.1986342873068025,3.8897669742022245,4.198121875283789,-0.62381,-0.8123,-1.19,-1.53,-0.95
2021-11-30,0.08,0.05,2.8,4.2,6.640140539349737,5.761011172507047,4.354912430386815,4.436616158560902,-0.5522,-0.49,-1.05,-1.51,-0.74
2021-12-31,0.08,0.06,2.87,3.9,6.914779470677956,5.960734387404454,3.000144269456051,4.9495442162337255,-0.55705,-0.7714,-0.7899999999999999,-1.41,-0.6200000000000001
2022-01-31,0.08,0.15,2.82,4.0,7.304674640925413,6.083573846637158,2.400878012674479,4.843923979003328,-0.54287,-0.208,-0.78,-1.61,-0.56
2022-02-28,0.08,0.33,3.11,3.8,7.649075370679181,6.340231251667294,6.425826739418294,5.0660346004020695,-0.43894,-0.0135,-0.49,-1.5999999999999999,-0.43999999999999995
2022-03-31,0.2,0.44,3.34,3.7,8.195577028061951,6.697066392432216,4.461721732350998,4.804843094339439,-0.37281,-0.6144,-0.21999999999999997,-1.69,-0.30000000000000027
2022-04-30,0.33,0.76,3.3,3.7,7.913609754079243,6.4708088057098045,4.543450881890543,4.753444949018437,-0.33646,0.1701,-0.20999999999999996,-1.99,-0.03000000000000025
2022-05-31,0.77,0.98,2.96,3.6,8.185692295630442,6.573667064538213,3.7393932731724533,4.621533425966362,-0.26029,0.2679,-0.2799999999999998,-1.92,-0.19999999999999973
2022-06-30,1.21,1.49,2.58,3.6,8.617125715539586,6.99315015726647,3.1356241312943567,4.377235170544225,-0.1732,0.358,-0.14000000000000012,-1.6500000000000001,-0.06000000000000005
2022-07-31,1.68,2.23,2.73,3.5,8.109856427691309,6.532135241337311,2.938119636288139,4.196634593946413,-0.22057,-0.204,0.14000000000000012,-0.6699999999999999,-0.14000000000000012
2022-08-31,2.33,2.63,2.58,3.6,7.896140074454561,6.428546652772038,3.079891979070215,4.020080002972648,-0.22627,-0.2109,0.3500000000000001,-0.27,-0.10000000000000009
2022-09-30,2.56,3.13,2.14,3.5,7.8864335965776355,6.455044919773645,4.481214440031067,3.852082198942952,-0.10761,0.5104,0.33999999999999986,-0.3900000000000001,0.14000000000000012
2022-10-31,3.08,3.72,2.67,3.6,7.4710932565496435,6.261419287937908,3.032640900835304,3.5338010920096252,-0.12922,-0.3013,0.3999999999999999,-0.2599999999999998,0.13999999999999968
2022-11-30,3.78,4.15,2.41,3.6,6.888574919336055,5.855653914611825,1.7981227631571173,3.2987408431273124,-0.18486,-0.2359,0.6099999999999999,0.26000000000000023,0.05999999999999961
2022-12-31,4.1,4.25,2.33,3.5,6.2137187217222944,5.37308022156493,0.622399451053024,2.9957816628822798,-0.22586,-0.0429,0.6699999999999999,0.6299999999999999,0.09999999999999964
2023-01-31,4.33,4.54,2.27,3.5,6.14741085232744,5.36140778542995,1.5032480216985888,3.132946054603636,-0.31106,-0.5128,0.6800000000000002,1.0100000000000002,-0.020000000000000018
2023-02-28,4.57,4.65,2.58,3.6,5.786928784083045,5.067223809147059,0.9328366595604543,2.7528122345144013,-0.27461,-0.2337,0.7800000000000002,0.9000000000000004,0.14000000000000012
2023-03-31,4.65,4.69,2.4,3.5,4.8136127874860435,4.333026847585408,0.1373319760824998,2.495912830823954,-0.15722,-0.277,0.6399999999999997,1.0300000000000002,0.04999999999999982
2023-04-30,4.83,4.92,2.2,3.4,4.828477446311208,4.378731801860436,0.3121386732855669,2.4336951106539217,-0.19639,-0.2967,0.5599999999999996,1.46,-0.14000000000000012
2023-05-31,5.06,5.14,2.07,3.6,4.042493528049018,3.9254005426148098,0.014566868751053619,2.420884000287593,-0.21742,-0.3233,0.56,1.5699999999999998,-0.27
2023-06-30,5.08,5.16,2.18,3.6,3.013391192920434,3.2317337085593145,-0.43030563470001226,2.282854534544576,-0.23231,-0.6959,0.8899999999999997,1.4100000000000001,0.08000000000000007
2023-07-31,5.12,5.25,2.27,3.5,3.227673833713496,3.352222093689594,0.021055419980609003,1.9219663147341137,-0.28471,-0.7581,0.9300000000000002,1.35,0.17999999999999972
2023-08-31,5.33,5.3,2.15,3.7,3.651162253032947,3.374478528151492,-0.07291577097445767,1.8678118926061416,-0.33904,-0.6805,0.7300000000000004,1.13,0.02999999999999936
2023-09-30,5.33,5.32,2.22,3.8,3.6284506061438293,3.390751565240979,-0.21707535137602818,1.8209490166446685,-0.31852,-0.4966,0.6399999999999997,0.9400000000000004,0.020000000000000462
2023-10-31,5.33,5.34,2.4,3.9,3.1949510256131575,2.97846187868549,-0.8407877227056382,1.6796289629457561,-0.29113,-0.3492,0.27000000000000046,0.54,-0.1800000000000006
2023-11-30,5.33,5.27,2.15,3.7,3.0915703031044295,2.7275517905884783,-0.21262907746226745,1.576892529950591,-0.32584,-0.7344,0.3799999999999999,0.7699999999999996,-0.16999999999999993
2023-12-31,5.33,5.24,2.12,3.8,3.2682077104079,2.7296690709364135,0.7867690340341404,1.6667802164066714,-0.37159,-0.4168,0.4400000000000004,1.2200000000000006,-0.13999999999999968
2024-01-31,5.33,5.22,2.24,3.7,3.060623983598454,2.6629773612157237,-1.2384198669831648,1.4553104723152188,-0.40172,-0.8301,0.2600000000000007,1.1600000000000001,-0.2799999999999998
2024-02-29,5.33,5.24,2.4,3.9,3.117323821836493,2.6691174397722506,-0.07162076335092138,1.3990630211345945,-0.43113,-0.6712,0.33000000000000007,1.0300000000000002,-0.1899999999999995
2024-03-31,5.33,5.24,2.38,3.9,3.410187881841953,2.88589382940172,-0.2880202874615989,1.5005654329577567,-0.43549,-0.9322,0.3799999999999999,1.0300000000000002,-0.16000000000000014
2024-04-30,5.33,5.24,2.43,3.9,3.299025864910554,2.7869551142379656,-0.8437604324915249,1.4363454635057948,-0.41681,-0.8396,0.33000000000000007,0.7000000000000002,-0.10000000000000053
2024-05-31,5.33,5.25,2.34,4.0,3.187520853044834,2.6268666636307003,-0.0011652714159815503,1.4127250478500386,-0.41452,-0.8472,0.3799999999999999,0.7699999999999996,-0.1200000000000001
2024-06-30,5.33,5.24,2.24,4.1,2.9268327046257703,2.516443726818718,0.8485989310804243,1.3028171499996688,-0.38784,-0.8322,0.4300000000000006,0.9300000000000006,-0.1200000000000001
2024-07-31,5.33,5.2,2.13,4.2,2.8961180071280346,2.5612938009445863,-0.5379615428107165,1.2636225483543484,-0.36888,-0.6186,0.25,0.9500000000000002,-0.2999999999999998
2024-08-31,5.33,5.05,2.01,4.2,2.5774115674378706,2.3843422446827134,-0.07326018316673455,1.207970138103498,-0.39711,-0.6464,0.10000000000000009,1.1799999999999997,-0.4400000000000004
2024-09-30,5.13,4.72,2.07,4.1,2.4034263869276096,2.2355898617914427,-0.6922688019007417,1.258565848651827,-0.4327,-0.2663,-0.10000000000000009,0.9999999999999996,-0.54
2024-10-31,4.83,4.51,2.38,4.1,2.538898954458979,2.447495510608988,-0.35577616523472244,1.167449536408327,-0.44902,-0.3807,-0.12999999999999945,0.41000000000000014,-0.46999999999999975
2024-11-30,4.64,4.42,2.33,4.2,2.6779880539840484,2.5548864560950513,-0.9143915092988841,1.242086509099316,-0.47883,-0.6181,-0.10000000000000053,0.05999999999999961,-0.3099999999999996
2024-12-31,4.48,4.27,2.38,4.1,2.8318871406153967,2.691545429616138,0.40238176849678453,1.2739509747026645,-0.48849,-0.6219,-0.15999999999999925,-0.1200000000000001,-0.33000000000000007
2025-01-31,4.33,4.21,2.54,4.0,2.9553098466356786,2.5739669409581722,1.3676823739118937,1.267962144488699,-0.5129,-0.7644,-0.3600000000000003,-0.41999999999999993,-0.41999999999999993
2025-02-28,4.33,4.22,2.58,4.1,2.77539742583075,2.674401603240373,1.10728672663436,1.1908138162709747,-0.4838,-0.4588,-0.2400000000000002,-0.23000000000000043,-0.39999999999999947
2025-03-31,4.33,4.2,2.61,4.2,2.377106872389234,2.3320292569340317,0.9921492395822185,1.1098879053653476,-0.41432,-0.6229,-0.31000000000000005,-0.08000000000000007,-0.5599999999999996
2025-04-30,4.33,4.21,2.29,4.2,2.3069310555579925,2.251879788673161,1.2288774079127762,1.1341537292256731,-0.39536,-0.2698,-0.5000000000000004,-0.07000000000000028,-0.7999999999999998
2025-05-31,4.33,4.25,2.39,4.2,2.348148031435837,2.4283612526524223,0.655549014814838,1.0237104025959454,-0.46917,-0.5395,-0.5,-0.16999999999999993,-0.8800000000000008
