observation_date,NFCI
1985-01-04,-0.32365
1985-01-11,-0.35606
1985-01-18,-0.38004
1985-01-25,-0.39441
1985-02-01,-0.39816
1985-02-08,-0.39147
1985-02-15,-0.37704
1985-02-22,-0.35737
1985-03-01,-0.33510
1985-03-08,-0.31381
1985-03-15,-0.29670
1985-03-22,-0.28514
1985-03-29,-0.28085
1985-04-05,-0.28565
1985-04-12,-0.29893
1985-04-19,-0.31991
1985-04-26,-0.34648
1985-05-03,-0.37543
1985-05-10,-0.40558
1985-05-17,-0.43237
1985-05-24,-0.45434
1985-05-31,-0.46975
1985-06-07,-0.47714
1985-06-14,-0.47556
1985-06-21,-0.46577
1985-06-28,-0.44807
1985-07-05,-0.42443
1985-07-12,-0.39590
1985-07-19,-0.36307
1985-07-26,-0.32691
1985-08-02,-0.28929
1985-08-09,-0.25138
1985-08-16,-0.21532
1985-08-23,-0.18343
1985-08-30,-0.15803
1985-09-06,-0.14099
1985-09-13,-0.13416
1985-09-20,-0.13908
1985-09-27,-0.15470
1985-10-04,-0.18033
1985-10-11,-0.21257
1985-10-18,-0.24779
1985-10-25,-0.28215
1985-11-01,-0.31180
1985-11-08,-0.33372
1985-11-15,-0.34634
1985-11-22,-0.34858
1985-11-29,-0.34196
1985-12-06,-0.32865
1985-12-13,-0.31145
1985-12-20,-0.29394
1985-12-27,-0.27761
1986-01-03,-0.26623
1986-01-10,-0.26001
1986-01-17,-0.25939
1986-01-24,-0.26406
1986-01-31,-0.27328
1986-02-07,-0.28444
1986-02-14,-0.29581
1986-02-21,-0.30609
1986-02-28,-0.31471
1986-03-07,-0.32208
1986-03-14,-0.32955
1986-03-21,-0.33829
1986-03-28,-0.35021
1986-04-04,-0.36718
1986-04-11,-0.38818
1986-04-18,-0.41180
1986-04-25,-0.43643
1986-05-02,-0.45861
1986-05-09,-0.47634
1986-05-16,-0.48793
1986-05-23,-0.49267
1986-05-30,-0.49096
1986-06-06,-0.48408
1986-06-13,-0.47381
1986-06-20,-0.46376
1986-06-27,-0.45790
1986-07-04,-0.45857
1986-07-11,-0.46677
1986-07-18,-0.48316
1986-07-25,-0.50606
1986-08-01,-0.53220
1986-08-08,-0.55770
1986-08-15,-0.58021
1986-08-22,-0.59608
1986-08-29,-0.60331
1986-09-05,-0.60199
1986-09-12,-0.59259
1986-09-19,-0.57995
1986-09-26,-0.56649
1986-10-03,-0.55524
1986-10-10,-0.54867
1986-10-17,-0.54734
1986-10-24,-0.54972
1986-10-31,-0.55458
1986-11-07,-0.56038
1986-11-14,-0.56505
1986-11-21,-0.56600
1986-11-28,-0.56310
1986-12-05,-0.55608
1986-12-12,-0.54621
1986-12-19,-0.53417
1986-12-26,-0.52161
1987-01-02,-0.51219
1987-01-09,-0.50487
1987-01-16,-0.50066
1987-01-23,-0.49886
1987-01-30,-0.49820
1987-02-06,-0.49590
1987-02-13,-0.48876
1987-02-20,-0.47316
1987-02-27,-0.44779
1987-03-06,-0.40932
1987-03-13,-0.35353
1987-03-20,-0.27875
1987-03-27,-0.18529
1987-04-03,-0.07434
1987-04-10,0.04783
1987-04-17,0.17564
1987-04-24,0.29959
1987-05-01,0.40935
1987-05-08,0.50089
1987-05-15,0.56631
1987-05-22,0.60553
1987-05-29,0.61302
1987-06-05,0.59340
1987-06-12,0.55121
1987-06-19,0.48874
1987-06-26,0.41544
1987-07-03,0.33552
1987-07-10,0.25529
1987-07-17,0.17683
1987-07-24,0.10436
1987-07-31,0.04338
1987-08-07,0.00036
1987-08-14,-0.02137
1987-08-21,-0.01198
1987-08-28,0.03084
1987-09-04,0.10791
1987-09-11,0.21276
1987-09-18,0.34103
1987-09-25,0.48373
1987-10-02,0.63438
1987-10-09,0.78015
1987-10-16,0.91083
1987-10-23,1.01812
1987-10-30,1.09490
1987-11-06,1.13439
1987-11-13,1.14502
1987-11-20,1.13298
1987-11-27,1.10052
1987-12-04,1.05330
1987-12-11,0.98865
1987-12-18,0.91279
1987-12-25,0.82564
1988-01-01,0.73156
1988-01-08,0.63370
1988-01-15,0.53799
1988-01-22,0.44468
1988-01-29,0.35765
1988-02-05,0.27964
1988-02-12,0.21426
1988-02-19,0.16430
1988-02-26,0.12906
1988-03-04,0.10868
1988-03-11,0.10267
1988-03-18,0.11015
1988-03-25,0.12690
1988-04-01,0.15127
1988-04-08,0.17965
1988-04-15,0.20588
1988-04-22,0.22815
1988-04-29,0.24239
1988-05-06,0.24945
1988-05-13,0.25160
1988-05-20,0.25079
1988-05-27,0.25006
1988-06-03,0.25299
1988-06-10,0.26098
1988-06-17,0.27546
1988-06-24,0.29722
1988-07-01,0.32493
1988-07-08,0.35495
1988-07-15,0.38396
1988-07-22,0.40866
1988-07-29,0.42492
1988-08-05,0.43184
1988-08-12,0.42851
1988-08-19,0.41537
1988-08-26,0.39294
1988-09-02,0.36471
1988-09-09,0.33275
1988-09-16,0.30150
1988-09-23,0.27369
1988-09-30,0.24960
1988-10-07,0.22896
1988-10-14,0.21116
1988-10-21,0.19572
1988-10-28,0.18247
1988-11-04,0.17127
1988-11-11,0.16268
1988-11-18,0.15582
1988-11-25,0.15119
1988-12-02,0.14714
1988-12-09,0.14417
1988-12-16,0.14101
1988-12-23,0.13909
1988-12-30,0.13819
1989-01-06,0.14048
1989-01-13,0.14725
1989-01-20,0.16056
1989-01-27,0.18365
1989-02-03,0.21947
1989-02-10,0.26891
1989-02-17,0.33186
1989-02-24,0.40409
1989-03-03,0.48203
1989-03-10,0.55806
1989-03-17,0.62688
1989-03-24,0.68090
1989-03-31,0.71432
1989-04-07,0.72430
1989-04-14,0.70965
1989-04-21,0.67072
1989-04-28,0.61603
1989-05-05,0.54874
1989-05-12,0.47900
1989-05-19,0.41258
1989-05-26,0.35681
1989-06-02,0.31489
1989-06-09,0.28729
1989-06-16,0.27068
1989-06-23,0.26097
1989-06-30,0.25253
1989-07-07,0.24291
1989-07-14,0.22950
1989-07-21,0.21505
1989-07-28,0.20280
1989-08-04,0.19503
1989-08-11,0.19692
1989-08-18,0.20909
1989-08-25,0.23140
1989-09-01,0.26232
1989-09-08,0.29692
1989-09-15,0.33101
1989-09-22,0.35792
1989-09-29,0.37502
1989-10-06,0.37815
1989-10-13,0.36531
1989-10-20,0.33725
1989-10-27,0.29629
1989-11-03,0.24638
1989-11-10,0.19358
1989-11-17,0.14196
1989-11-24,0.09646
1989-12-01,0.06012
1989-12-08,0.03502
1989-12-15,0.02109
1989-12-22,0.01746
1989-12-29,0.02139
1990-01-05,0.03123
1990-01-12,0.04293
1990-01-19,0.05275
1990-01-26,0.05990
1990-02-02,0.06164
1990-02-09,0.05870
1990-02-16,0.05281
1990-02-23,0.04614
1990-03-02,0.04145
1990-03-09,0.04058
1990-03-16,0.04612
1990-03-23,0.05707
1990-03-30,0.07225
1990-04-06,0.08908
1990-04-13,0.10193
1990-04-20,0.10884
1990-04-27,0.10621
1990-05-04,0.09163
1990-05-11,0.06593
1990-05-18,0.03080
1990-05-25,-0.01046
1990-06-01,-0.05379
1990-06-08,-0.09399
1990-06-15,-0.12707
1990-06-22,-0.15012
1990-06-29,-0.16027
1990-07-06,-0.15703
1990-07-13,-0.14162
1990-07-20,-0.11471
1990-07-27,-0.07809
1990-08-03,-0.03410
1990-08-10,0.01601
1990-08-17,0.06835
1990-08-24,0.12293
1990-08-31,0.17685
1990-09-07,0.23046
1990-09-14,0.28163
1990-09-21,0.32952
1990-09-28,0.37291
1990-10-05,0.40613
1990-10-12,0.42970
1990-10-19,0.44407
1990-10-26,0.44915
1990-11-02,0.44949
1990-11-09,0.44869
1990-11-16,0.44861
1990-11-23,0.45288
1990-11-30,0.46366
1990-12-07,0.47673
1990-12-14,0.49201
1990-12-21,0.50734
1990-12-28,0.51482
1991-01-04,0.50757
1991-01-11,0.48651
1991-01-18,0.44716
1991-01-25,0.38788
1991-02-01,0.31904
1991-02-08,0.24371
1991-02-15,0.16817
1991-02-22,0.09702
1991-03-01,0.03285
1991-03-08,-0.02452
1991-03-15,-0.07433
1991-03-22,-0.11667
1991-03-29,-0.15258
1991-04-05,-0.18205
1991-04-12,-0.20618
1991-04-19,-0.22578
1991-04-26,-0.23952
1991-05-03,-0.24818
1991-05-10,-0.25175
1991-05-17,-0.25037
1991-05-24,-0.24603
1991-05-31,-0.24092
1991-06-07,-0.23842
1991-06-14,-0.24136
1991-06-21,-0.25257
1991-06-28,-0.27227
1991-07-05,-0.30154
1991-07-12,-0.33729
1991-07-19,-0.37753
1991-07-26,-0.41818
1991-08-02,-0.45585
1991-08-09,-0.48846
1991-08-16,-0.51368
1991-08-23,-0.53169
1991-08-30,-0.54444
1991-09-06,-0.55161
1991-09-13,-0.55699
1991-09-20,-0.56067
1991-09-27,-0.56374
1991-10-04,-0.56678
1991-10-11,-0.57155
1991-10-18,-0.57748
1991-10-25,-0.58467
1991-11-01,-0.59350
1991-11-08,-0.60299
1991-11-15,-0.61267
1991-11-22,-0.62222
1991-11-29,-0.63224
1991-12-06,-0.64264
1991-12-13,-0.65304
1991-12-20,-0.66082
1991-12-27,-0.66769
1992-01-03,-0.66959
1992-01-10,-0.67042
1992-01-17,-0.66761
1992-01-24,-0.66424
1992-01-31,-0.66174
1992-02-07,-0.65974
1992-02-14,-0.65887
1992-02-21,-0.65871
1992-02-28,-0.66000
1992-03-06,-0.66293
1992-03-13,-0.66753
1992-03-20,-0.67566
1992-03-27,-0.68755
1992-04-03,-0.70287
1992-04-10,-0.72179
1992-04-17,-0.74263
1992-04-24,-0.76497
1992-05-01,-0.78777
1992-05-08,-0.80931
1992-05-15,-0.82937
1992-05-22,-0.84780
1992-05-29,-0.86383
1992-06-05,-0.87850
1992-06-12,-0.89293
1992-06-19,-0.90664
1992-06-26,-0.91924
1992-07-03,-0.92998
1992-07-10,-0.93764
1992-07-17,-0.94269
1992-07-24,-0.94429
1992-07-31,-0.94270
1992-08-07,-0.93762
1992-08-14,-0.92960
1992-08-21,-0.91800
1992-08-28,-0.90283
1992-09-04,-0.88413
1992-09-11,-0.86247
1992-09-18,-0.83658
1992-09-25,-0.80727
1992-10-02,-0.77603
1992-10-09,-0.74572
1992-10-16,-0.71853
1992-10-23,-0.69759
1992-10-30,-0.68559
1992-11-06,-0.68432
1992-11-13,-0.69286
1992-11-20,-0.71156
1992-11-27,-0.73955
1992-12-04,-0.77465
1992-12-11,-0.81370
1992-12-18,-0.85161
1992-12-25,-0.88612
1993-01-01,-0.91425
1993-01-08,-0.93467
1993-01-15,-0.94907
1993-01-22,-0.95771
1993-01-29,-0.96124
1993-02-05,-0.96187
1993-02-12,-0.96109
1993-02-19,-0.95981
1993-02-26,-0.96068
1993-03-05,-0.96287
1993-03-12,-0.96693
1993-03-19,-0.97266
1993-03-26,-0.97964
1993-04-02,-0.98645
1993-04-09,-0.99270
1993-04-16,-0.99712
1993-04-23,-0.99872
1993-04-30,-0.99839
1993-05-07,-0.99516
1993-05-14,-0.99086
1993-05-21,-0.98736
1993-05-28,-0.98609
1993-06-04,-0.98844
1993-06-11,-0.99610
1993-06-18,-1.00870
1993-06-25,-1.02453
1993-07-02,-1.04190
1993-07-09,-1.05957
1993-07-16,-1.07516
1993-07-23,-1.08787
1993-07-30,-1.09626
1993-08-06,-1.10078
1993-08-13,-1.10167
1993-08-20,-1.09940
1993-08-27,-1.09447
1993-09-03,-1.08773
1993-09-10,-1.07910
1993-09-17,-1.06812
1993-09-24,-1.05533
1993-10-01,-1.04075
1993-10-08,-1.02502
1993-10-15,-1.00787
1993-10-22,-0.98990
1993-10-29,-0.97219
1993-11-05,-0.95673
1993-11-12,-0.94586
1993-11-19,-0.94075
1993-11-26,-0.94262
1993-12-03,-0.95081
1993-12-10,-0.96377
1993-12-17,-0.97959
1993-12-24,-0.99554
1993-12-31,-1.00939
1994-01-07,-1.01971
1994-01-14,-1.02569
1994-01-21,-1.02492
1994-01-28,-1.01806
1994-02-04,-1.00386
1994-02-11,-0.98246
1994-02-18,-0.95599
1994-02-25,-0.92546
1994-03-04,-0.89192
1994-03-11,-0.85811
1994-03-18,-0.82593
1994-03-25,-0.79636
1994-04-01,-0.77107
1994-04-08,-0.75209
1994-04-15,-0.73913
1994-04-22,-0.73087
1994-04-29,-0.72782
1994-05-06,-0.72602
1994-05-13,-0.72581
1994-05-20,-0.72713
1994-05-27,-0.72787
1994-06-03,-0.72649
1994-06-10,-0.72540
1994-06-17,-0.72291
1994-06-24,-0.72142
1994-07-01,-0.72251
1994-07-08,-0.72930
1994-07-15,-0.74145
1994-07-22,-0.75806
1994-07-29,-0.77614
1994-08-05,-0.79291
1994-08-12,-0.80641
1994-08-19,-0.81365
1994-08-26,-0.81241
1994-09-02,-0.80214
1994-09-09,-0.78321
1994-09-16,-0.75683
1994-09-23,-0.72686
1994-09-30,-0.69597
1994-10-07,-0.66777
1994-10-14,-0.64371
1994-10-21,-0.62317
1994-10-28,-0.60408
1994-11-04,-0.58483
1994-11-11,-0.56295
1994-11-18,-0.53734
1994-11-25,-0.50804
1994-12-02,-0.47741
1994-12-09,-0.44722
1994-12-16,-0.42360
1994-12-23,-0.40886
1994-12-30,-0.40632
1995-01-06,-0.41713
1995-01-13,-0.44006
1995-01-20,-0.47155
1995-01-27,-0.50759
1995-02-03,-0.54449
1995-02-10,-0.57831
1995-02-17,-0.60596
1995-02-24,-0.62643
1995-03-03,-0.63853
1995-03-10,-0.64340
1995-03-17,-0.64441
1995-03-24,-0.64308
1995-03-31,-0.64273
1995-04-07,-0.64504
1995-04-14,-0.65159
1995-04-21,-0.66243
1995-04-28,-0.67627
1995-05-05,-0.69099
1995-05-12,-0.70473
1995-05-19,-0.71414
1995-05-26,-0.71814
1995-06-02,-0.71541
1995-06-09,-0.70837
1995-06-16,-0.69766
1995-06-23,-0.68723
1995-06-30,-0.67867
1995-07-07,-0.67379
1995-07-14,-0.67454
1995-07-21,-0.67893
1995-07-28,-0.68607
1995-08-04,-0.69559
1995-08-11,-0.70515
1995-08-18,-0.71284
1995-08-25,-0.71788
1995-09-01,-0.71907
1995-09-08,-0.71707
1995-09-15,-0.71318
1995-09-22,-0.70769
1995-09-29,-0.70304
1995-10-06,-0.70191
1995-10-13,-0.70397
1995-10-20,-0.70996
1995-10-27,-0.71905
1995-11-03,-0.73099
1995-11-10,-0.74318
1995-11-17,-0.75243
1995-11-24,-0.75817
1995-12-01,-0.75949
1995-12-08,-0.75723
1995-12-15,-0.75252
1995-12-22,-0.74861
1995-12-29,-0.74806
1996-01-05,-0.75378
1996-01-12,-0.76418
1996-01-19,-0.77909
1996-01-26,-0.79692
1996-02-02,-0.81359
1996-02-09,-0.82506
1996-02-16,-0.82954
1996-02-23,-0.82555
1996-03-01,-0.81222
1996-03-08,-0.79305
1996-03-15,-0.76937
1996-03-22,-0.74593
1996-03-29,-0.72431
1996-04-05,-0.70698
1996-04-12,-0.69446
1996-04-19,-0.68882
1996-04-26,-0.69008
1996-05-03,-0.69567
1996-05-10,-0.70405
1996-05-17,-0.71284
1996-05-24,-0.71897
1996-05-31,-0.72136
1996-06-07,-0.71927
1996-06-14,-0.71505
1996-06-21,-0.70967
1996-06-28,-0.70551
1996-07-05,-0.70313
1996-07-12,-0.70376
1996-07-19,-0.70875
1996-07-26,-0.71725
1996-08-02,-0.72717
1996-08-09,-0.73826
1996-08-16,-0.74639
1996-08-23,-0.75055
1996-08-30,-0.75021
1996-09-06,-0.74589
1996-09-13,-0.74084
1996-09-20,-0.73652
1996-09-27,-0.73499
1996-10-04,-0.73800
1996-10-11,-0.74569
1996-10-18,-0.75626
1996-10-25,-0.76835
1996-11-01,-0.77966
1996-11-08,-0.78764
1996-11-15,-0.78998
1996-11-22,-0.78608
1996-11-29,-0.77562
1996-12-06,-0.76009
1996-12-13,-0.74210
1996-12-20,-0.72499
1996-12-27,-0.71093
1997-01-03,-0.70114
1997-01-10,-0.69645
1997-01-17,-0.69814
1997-01-24,-0.70466
1997-01-31,-0.71434
1997-02-07,-0.72503
1997-02-14,-0.73498
1997-02-21,-0.74049
1997-02-28,-0.74087
1997-03-07,-0.73528
1997-03-14,-0.72480
1997-03-21,-0.71086
1997-03-28,-0.69522
1997-04-04,-0.67884
1997-04-11,-0.66420
1997-04-18,-0.65180
1997-04-25,-0.64217
1997-05-02,-0.63634
1997-05-09,-0.63264
1997-05-16,-0.63099
1997-05-23,-0.63082
1997-05-30,-0.63119
1997-06-06,-0.63251
1997-06-13,-0.63533
1997-06-20,-0.63910
1997-06-27,-0.64347
1997-07-04,-0.64907
1997-07-11,-0.65366
1997-07-18,-0.65774
1997-07-25,-0.66083
1997-08-01,-0.66217
1997-08-08,-0.66177
1997-08-15,-0.65961
1997-08-22,-0.65613
1997-08-29,-0.65127
1997-09-05,-0.64535
1997-09-12,-0.63789
1997-09-19,-0.62854
1997-09-26,-0.61646
1997-10-03,-0.60147
1997-10-10,-0.58261
1997-10-17,-0.56074
1997-10-24,-0.53731
1997-10-31,-0.51448
1997-11-07,-0.49658
1997-11-14,-0.48296
1997-11-21,-0.47647
1997-11-28,-0.47611
1997-12-05,-0.48078
1997-12-12,-0.48880
1997-12-19,-0.50083
1997-12-26,-0.51610
1998-01-02,-0.53259
1998-01-09,-0.54945
1998-01-16,-0.56788
1998-01-23,-0.58537
1998-01-30,-0.60230
1998-02-06,-0.61783
1998-02-13,-0.62997
1998-02-20,-0.63865
1998-02-27,-0.64310
1998-03-06,-0.64249
1998-03-13,-0.63947
1998-03-20,-0.63539
1998-03-27,-0.62990
1998-04-03,-0.62431
1998-04-10,-0.61909
1998-04-17,-0.61367
1998-04-24,-0.60771
1998-05-01,-0.60143
1998-05-08,-0.59513
1998-05-15,-0.58880
1998-05-22,-0.58229
1998-05-29,-0.57465
1998-06-05,-0.56852
1998-06-12,-0.56351
1998-06-19,-0.56066
1998-06-26,-0.55918
1998-07-03,-0.55858
1998-07-10,-0.55632
1998-07-17,-0.54993
1998-07-24,-0.53620
1998-07-31,-0.51336
1998-08-07,-0.47917
1998-08-14,-0.43377
1998-08-21,-0.37858
1998-08-28,-0.31561
1998-09-04,-0.24971
1998-09-11,-0.18501
1998-09-18,-0.12396
1998-09-25,-0.07005
1998-10-02,-0.02692
1998-10-09,0.00282
1998-10-16,0.01556
1998-10-23,0.01022
1998-10-30,-0.00818
1998-11-06,-0.03490
1998-11-13,-0.06286
1998-11-20,-0.09203
1998-11-27,-0.11775
1998-12-04,-0.13891
1998-12-11,-0.15803
1998-12-18,-0.17592
1998-12-25,-0.19369
1999-01-01,-0.21026
1999-01-08,-0.22511
1999-01-15,-0.24080
1999-01-22,-0.25757
1999-01-29,-0.27629
1999-02-05,-0.29632
1999-02-12,-0.31707
1999-02-19,-0.33799
1999-02-26,-0.35730
1999-03-05,-0.37380
1999-03-12,-0.38807
1999-03-19,-0.39928
1999-03-26,-0.40760
1999-04-02,-0.41392
1999-04-09,-0.41887
1999-04-16,-0.42315
1999-04-23,-0.42665
1999-04-30,-0.42916
1999-05-07,-0.42929
1999-05-14,-0.42529
1999-05-21,-0.41688
1999-05-28,-0.40456
1999-06-04,-0.38950
1999-06-11,-0.37250
1999-06-18,-0.35418
1999-06-25,-0.33427
1999-07-02,-0.31279
1999-07-09,-0.28905
1999-07-16,-0.26301
1999-07-23,-0.23710
1999-07-30,-0.21325
1999-08-06,-0.19183
1999-08-13,-0.17500
1999-08-20,-0.16238
1999-08-27,-0.15161
1999-09-03,-0.14018
1999-09-10,-0.12738
1999-09-17,-0.11439
1999-09-24,-0.10206
1999-10-01,-0.09143
1999-10-08,-0.08506
1999-10-15,-0.08705
1999-10-22,-0.09669
1999-10-29,-0.11208
1999-11-05,-0.13004
1999-11-12,-0.14786
1999-11-19,-0.16264
1999-11-26,-0.17020
1999-12-03,-0.17240
1999-12-10,-0.17085
1999-12-17,-0.16958
1999-12-24,-0.16999
1999-12-31,-0.17343
2000-01-07,-0.18325
2000-01-14,-0.19450
2000-01-21,-0.20489
2000-01-28,-0.21232
2000-02-04,-0.21428
2000-02-11,-0.21210
2000-02-18,-0.20437
2000-02-25,-0.19156
2000-03-03,-0.17554
2000-03-10,-0.15554
2000-03-17,-0.13342
2000-03-24,-0.11125
2000-03-31,-0.09038
2000-04-07,-0.07454
2000-04-14,-0.06013
2000-04-21,-0.04705
2000-04-28,-0.03299
2000-05-05,-0.01701
2000-05-12,-0.00163
2000-05-19,0.01274
2000-05-26,0.02500
2000-06-02,0.03256
2000-06-09,0.03391
2000-06-16,0.02930
2000-06-23,0.01748
2000-06-30,-0.00063
2000-07-07,-0.02557
2000-07-14,-0.05490
2000-07-21,-0.08558
2000-07-28,-0.11616
2000-08-04,-0.14434
2000-08-11,-0.16858
2000-08-18,-0.18685
2000-08-25,-0.19920
2000-09-01,-0.20653
2000-09-08,-0.20845
2000-09-15,-0.20695
2000-09-22,-0.20257
2000-09-29,-0.19659
2000-10-06,-0.18987
2000-10-13,-0.18191
2000-10-20,-0.17534
2000-10-27,-0.16847
2000-11-03,-0.15891
2000-11-10,-0.14566
2000-11-17,-0.12796
2000-11-24,-0.10733
2000-12-01,-0.08685
2000-12-08,-0.07122
2000-12-15,-0.06546
2000-12-22,-0.07046
2000-12-29,-0.09065
2001-01-05,-0.12035
2001-01-12,-0.15610
2001-01-19,-0.19306
2001-01-26,-0.22654
2001-02-02,-0.25364
2001-02-09,-0.27234
2001-02-16,-0.28145
2001-02-23,-0.28065
2001-03-02,-0.27447
2001-03-09,-0.26560
2001-03-16,-0.25655
2001-03-23,-0.25243
2001-03-30,-0.25589
2001-04-06,-0.26559
2001-04-13,-0.28479
2001-04-20,-0.30931
2001-04-27,-0.33623
2001-05-04,-0.36431
2001-05-11,-0.38971
2001-05-18,-0.40959
2001-05-25,-0.42554
2001-06-01,-0.43675
2001-06-08,-0.44442
2001-06-15,-0.45020
2001-06-22,-0.45582
2001-06-29,-0.46256
2001-07-06,-0.47175
2001-07-13,-0.48228
2001-07-20,-0.49291
2001-07-27,-0.50257
2001-08-03,-0.50751
2001-08-10,-0.50327
2001-08-17,-0.48953
2001-08-24,-0.46544
2001-08-31,-0.43456
2001-09-07,-0.40067
2001-09-14,-0.36849
2001-09-21,-0.34628
2001-09-28,-0.33993
2001-10-05,-0.34232
2001-10-12,-0.35390
2001-10-19,-0.36982
2001-10-26,-0.38661
2001-11-02,-0.39844
2001-11-09,-0.40390
2001-11-16,-0.40222
2001-11-23,-0.39206
2001-11-30,-0.37815
2001-12-07,-0.36545
2001-12-14,-0.35914
2001-12-21,-0.36140
2001-12-28,-0.37475
2002-01-04,-0.39498
2002-01-11,-0.42056
2002-01-18,-0.44606
2002-01-25,-0.46734
2002-02-01,-0.48255
2002-02-08,-0.49159
2002-02-15,-0.49590
2002-02-22,-0.49603
2002-03-01,-0.49532
2002-03-08,-0.49423
2002-03-15,-0.49475
2002-03-22,-0.49887
2002-03-29,-0.50714
2002-04-05,-0.52052
2002-04-12,-0.53917
2002-04-19,-0.56106
2002-04-26,-0.58391
2002-05-03,-0.60625
2002-05-10,-0.62270
2002-05-17,-0.63331
2002-05-24,-0.63528
2002-05-31,-0.62917
2002-06-07,-0.61502
2002-06-14,-0.59465
2002-06-21,-0.56987
2002-06-28,-0.54246
2002-07-05,-0.51458
2002-07-12,-0.48737
2002-07-19,-0.46366
2002-07-26,-0.44326
2002-08-02,-0.42908
2002-08-09,-0.41789
2002-08-16,-0.41050
2002-08-23,-0.40250
2002-08-30,-0.39412
2002-09-06,-0.38351
2002-09-13,-0.37283
2002-09-20,-0.36325
2002-09-27,-0.35735
2002-10-04,-0.35664
2002-10-11,-0.36247
2002-10-18,-0.37513
2002-10-25,-0.39078
2002-11-01,-0.40928
2002-11-08,-0.42709
2002-11-15,-0.44246
2002-11-22,-0.45315
2002-11-29,-0.45939
2002-12-06,-0.46176
2002-12-13,-0.46499
2002-12-20,-0.46873
2002-12-27,-0.47536
2003-01-03,-0.48599
2003-01-10,-0.49911
2003-01-17,-0.51151
2003-01-24,-0.52117
2003-01-31,-0.52835
2003-02-07,-0.53226
2003-02-14,-0.53487
2003-02-21,-0.53750
2003-02-28,-0.54171
2003-03-07,-0.54829
2003-03-14,-0.55833
2003-03-21,-0.57307
2003-03-28,-0.59268
2003-04-04,-0.61601
2003-04-11,-0.64159
2003-04-18,-0.66621
2003-04-25,-0.68757
2003-05-02,-0.70386
2003-05-09,-0.71350
2003-05-16,-0.71796
2003-05-23,-0.71842
2003-05-30,-0.71703
2003-06-06,-0.71516
2003-06-13,-0.71446
2003-06-20,-0.71592
2003-06-27,-0.71856
2003-07-04,-0.72149
2003-07-11,-0.72304
2003-07-18,-0.72131
2003-07-25,-0.71630
2003-08-01,-0.70642
2003-08-08,-0.69624
2003-08-15,-0.68617
2003-08-22,-0.67801
2003-08-29,-0.67280
2003-09-05,-0.67129
2003-09-12,-0.67358
2003-09-19,-0.67890
2003-09-26,-0.68584
2003-10-03,-0.69368
2003-10-10,-0.70228
2003-10-17,-0.71026
2003-10-24,-0.71592
2003-10-31,-0.72038
2003-11-07,-0.72248
2003-11-14,-0.72262
2003-11-21,-0.72138
2003-11-28,-0.72006
2003-12-05,-0.71821
2003-12-12,-0.71900
2003-12-19,-0.72234
2003-12-26,-0.72863
2004-01-02,-0.73855
2004-01-09,-0.75176
2004-01-16,-0.76563
2004-01-23,-0.77897
2004-01-30,-0.79124
2004-02-06,-0.80117
2004-02-13,-0.80986
2004-02-20,-0.81596
2004-02-27,-0.81944
2004-03-05,-0.82009
2004-03-12,-0.81861
2004-03-19,-0.81446
2004-03-26,-0.80787
2004-04-02,-0.79942
2004-04-09,-0.78839
2004-04-16,-0.77494
2004-04-23,-0.75969
2004-04-30,-0.74425
2004-05-07,-0.72933
2004-05-14,-0.71665
2004-05-21,-0.70659
2004-05-28,-0.69945
2004-06-04,-0.69466
2004-06-11,-0.69201
2004-06-18,-0.69062
2004-06-25,-0.69105
2004-07-02,-0.69238
2004-07-09,-0.69437
2004-07-16,-0.69615
2004-07-23,-0.69816
2004-07-30,-0.70023
2004-08-06,-0.70142
2004-08-13,-0.70324
2004-08-20,-0.70452
2004-08-27,-0.70555
2004-09-03,-0.70522
2004-09-10,-0.70506
2004-09-17,-0.70470
2004-09-24,-0.70407
2004-10-01,-0.70328
2004-10-08,-0.70318
2004-10-15,-0.70389
2004-10-22,-0.70647
2004-10-29,-0.70961
2004-11-05,-0.71316
2004-11-12,-0.71735
2004-11-19,-0.71952
2004-11-26,-0.72014
2004-12-03,-0.71851
2004-12-10,-0.71548
2004-12-17,-0.71068
2004-12-24,-0.70543
2004-12-31,-0.70129
2005-01-07,-0.69896
2005-01-14,-0.69946
2005-01-21,-0.70198
2005-01-28,-0.70658
2005-02-04,-0.71209
2005-02-11,-0.71606
2005-02-18,-0.71685
2005-02-25,-0.71404
2005-03-04,-0.70703
2005-03-11,-0.69669
2005-03-18,-0.68331
2005-03-25,-0.66880
2005-04-01,-0.65437
2005-04-08,-0.64102
2005-04-15,-0.62930
2005-04-22,-0.61981
2005-04-29,-0.61275
2005-05-06,-0.60760
2005-05-13,-0.60398
2005-05-20,-0.60236
2005-05-27,-0.60272
2005-06-03,-0.60341
2005-06-10,-0.60483
2005-06-17,-0.60599
2005-06-24,-0.60753
2005-07-01,-0.60942
2005-07-08,-0.61091
2005-07-15,-0.61384
2005-07-22,-0.61578
2005-07-29,-0.61687
2005-08-05,-0.61583
2005-08-12,-0.61333
2005-08-19,-0.60826
2005-08-26,-0.60159
2005-09-02,-0.59367
2005-09-09,-0.58579
2005-09-16,-0.57834
2005-09-23,-0.57244
2005-09-30,-0.56932
2005-10-07,-0.57008
2005-10-14,-0.57422
2005-10-21,-0.58010
2005-10-28,-0.58634
2005-11-04,-0.59037
2005-11-11,-0.59189
2005-11-18,-0.58933
2005-11-25,-0.58436
2005-12-02,-0.57768
2005-12-09,-0.57110
2005-12-16,-0.56613
2005-12-23,-0.56461
2005-12-30,-0.56630
2006-01-06,-0.57247
2006-01-13,-0.58233
2006-01-20,-0.59297
2006-01-27,-0.60517
2006-02-03,-0.61598
2006-02-10,-0.62456
2006-02-17,-0.63116
2006-02-24,-0.63526
2006-03-03,-0.63639
2006-03-10,-0.63586
2006-03-17,-0.63447
2006-03-24,-0.63291
2006-03-31,-0.63035
2006-04-07,-0.62818
2006-04-14,-0.62582
2006-04-21,-0.62403
2006-04-28,-0.62126
2006-05-05,-0.61601
2006-05-12,-0.60869
2006-05-19,-0.59727
2006-05-26,-0.58385
2006-06-02,-0.56954
2006-06-09,-0.55575
2006-06-16,-0.54321
2006-06-23,-0.53421
2006-06-30,-0.53009
2006-07-07,-0.53072
2006-07-14,-0.53656
2006-07-21,-0.54678
2006-07-28,-0.56042
2006-08-04,-0.57465
2006-08-11,-0.58786
2006-08-18,-0.59840
2006-08-25,-0.60524
2006-09-01,-0.60812
2006-09-08,-0.60814
2006-09-15,-0.60698
2006-09-22,-0.60638
2006-09-29,-0.60739
2006-10-06,-0.61093
2006-10-13,-0.61706
2006-10-20,-0.62368
2006-10-27,-0.63003
2006-11-03,-0.63374
2006-11-10,-0.63499
2006-11-17,-0.63351
2006-11-24,-0.62993
2006-12-01,-0.62560
2006-12-08,-0.62276
2006-12-15,-0.62330
2006-12-22,-0.62780
2006-12-29,-0.63625
2007-01-05,-0.64810
2007-01-12,-0.66126
2007-01-19,-0.67362
2007-01-26,-0.68307
2007-02-02,-0.68678
2007-02-09,-0.68526
2007-02-16,-0.67743
2007-02-23,-0.66482
2007-03-02,-0.64903
2007-03-09,-0.63449
2007-03-16,-0.62230
2007-03-23,-0.61401
2007-03-30,-0.60816
2007-04-06,-0.60441
2007-04-13,-0.60080
2007-04-20,-0.59638
2007-04-27,-0.58981
2007-05-04,-0.58093
2007-05-11,-0.57225
2007-05-18,-0.56309
2007-05-25,-0.55439
2007-06-01,-0.54781
2007-06-08,-0.54474
2007-06-15,-0.54112
2007-06-22,-0.53597
2007-06-29,-0.52418
2007-07-06,-0.49978
2007-07-13,-0.45538
2007-07-20,-0.38712
2007-07-27,-0.29317
2007-08-03,-0.18085
2007-08-10,-0.06002
2007-08-17,0.05895
2007-08-24,0.15439
2007-08-31,0.20659
2007-09-07,0.22280
2007-09-14,0.19898
2007-09-21,0.14172
2007-09-28,0.07594
2007-10-05,0.01470
2007-10-12,-0.02618
2007-10-19,-0.03326
2007-10-26,-0.00254
2007-11-02,0.06462
2007-11-09,0.16321
2007-11-16,0.27458
2007-11-23,0.38755
2007-11-30,0.48118
2007-12-07,0.54417
2007-12-14,0.57061
2007-12-21,0.55974
2007-12-28,0.51946
2008-01-04,0.47108
2008-01-11,0.42558
2008-01-18,0.40142
2008-01-25,0.40878
2008-02-01,0.43848
2008-02-08,0.50015
2008-02-15,0.58527
2008-02-22,0.68479
2008-02-29,0.78523
2008-03-07,0.87708
2008-03-14,0.93835
2008-03-21,0.96285
2008-03-28,0.94209
2008-04-04,0.88892
2008-04-11,0.81498
2008-04-18,0.73250
2008-04-25,0.64664
2008-05-02,0.57125
2008-05-09,0.51645
2008-05-16,0.48389
2008-05-23,0.47904
2008-05-30,0.50046
2008-06-06,0.54643
2008-06-13,0.60066
2008-06-20,0.65736
2008-06-27,0.70994
2008-07-04,0.74262
2008-07-11,0.75174
2008-07-18,0.74192
2008-07-25,0.71328
2008-08-01,0.68202
2008-08-08,0.66583
2008-08-15,0.67302
2008-08-22,0.72869
2008-08-29,0.83680
2008-09-05,1.00472
2008-09-12,1.22615
2008-09-19,1.51089
2008-09-26,1.79226
2008-10-03,2.07254
2008-10-10,2.32336
2008-10-17,2.51756
2008-10-24,2.65762
2008-10-31,2.77717
2008-11-07,2.86819
2008-11-14,2.94741
2008-11-21,3.02361
2008-11-28,3.05006
2008-12-05,3.04366
2008-12-12,2.97958
2008-12-19,2.85547
2008-12-26,2.69595
2009-01-02,2.54319
2009-01-09,2.39042
2009-01-16,2.26662
2009-01-23,2.17662
2009-01-30,2.11713
2009-02-06,2.08722
2009-02-13,2.08838
2009-02-20,2.10573
2009-02-27,2.12259
2009-03-06,2.12728
2009-03-13,2.09018
2009-03-20,2.01795
2009-03-27,1.91301
2009-04-03,1.78886
2009-04-10,1.64899
2009-04-17,1.50737
2009-04-24,1.36852
2009-05-01,1.23360
2009-05-08,1.10984
2009-05-15,1.00874
2009-05-22,0.92488
2009-05-29,0.86586
2009-06-05,0.81876
2009-06-12,0.78315
2009-06-19,0.75311
2009-06-26,0.71643
2009-07-03,0.67115
2009-07-10,0.61623
2009-07-17,0.54967
2009-07-24,0.47829
2009-07-31,0.40979
2009-08-07,0.35012
2009-08-14,0.30142
2009-08-21,0.26110
2009-08-28,0.22461
2009-09-04,0.19259
2009-09-11,0.15962
2009-09-18,0.12682
2009-09-25,0.09799
2009-10-02,0.07591
2009-10-09,0.05518
2009-10-16,0.03822
2009-10-23,0.02504
2009-10-30,0.01732
2009-11-06,0.00854
2009-11-13,-0.00324
2009-11-20,-0.01710
2009-11-27,-0.03558
2009-12-04,-0.06015
2009-12-11,-0.09111
2009-12-18,-0.12381
2009-12-25,-0.15469
2010-01-01,-0.17980
2010-01-08,-0.20013
2010-01-15,-0.20958
2010-01-22,-0.20811
2010-01-29,-0.20370
2010-02-05,-0.19972
2010-02-12,-0.20267
2010-02-19,-0.21959
2010-02-26,-0.24819
2010-03-05,-0.28797
2010-03-12,-0.33430
2010-03-19,-0.38014
2010-03-26,-0.42109
2010-04-02,-0.44961
2010-04-09,-0.46139
2010-04-16,-0.45008
2010-04-23,-0.41430
2010-04-30,-0.35496
2010-05-07,-0.27773
2010-05-14,-0.20113
2010-05-21,-0.12772
2010-05-28,-0.07292
2010-06-04,-0.04177
2010-06-11,-0.03269
2010-06-18,-0.04749
2010-06-25,-0.07511
2010-07-02,-0.10977
2010-07-09,-0.15171
2010-07-16,-0.19224
2010-07-23,-0.22553
2010-07-30,-0.25006
2010-08-06,-0.26437
2010-08-13,-0.26921
2010-08-20,-0.27056
2010-08-27,-0.27268
2010-09-03,-0.27993
2010-09-10,-0.29468
2010-09-17,-0.31389
2010-09-24,-0.33578
2010-10-01,-0.35986
2010-10-08,-0.38364
2010-10-15,-0.40540
2010-10-22,-0.42283
2010-10-29,-0.43647
2010-11-05,-0.44554
2010-11-12,-0.44886
2010-11-19,-0.45097
2010-11-26,-0.45346
2010-12-03,-0.45931
2010-12-10,-0.47112
2010-12-17,-0.48640
2010-12-24,-0.50579
2010-12-31,-0.52692
2011-01-07,-0.54859
2011-01-14,-0.56888
2011-01-21,-0.58627
2011-01-28,-0.59824
2011-02-04,-0.60308
2011-02-11,-0.60133
2011-02-18,-0.59177
2011-02-25,-0.57663
2011-03-04,-0.56293
2011-03-11,-0.55236
2011-03-18,-0.54683
2011-03-25,-0.55184
2011-04-01,-0.56263
2011-04-08,-0.57701
2011-04-15,-0.59046
2011-04-22,-0.60006
2011-04-29,-0.60383
2011-05-06,-0.60064
2011-05-13,-0.59121
2011-05-20,-0.57873
2011-05-27,-0.56478
2011-06-03,-0.55132
2011-06-10,-0.53898
2011-06-17,-0.53023
2011-06-24,-0.52325
2011-07-01,-0.51633
2011-07-08,-0.50428
2011-07-15,-0.48176
2011-07-22,-0.44746
2011-07-29,-0.39856
2011-08-05,-0.33462
2011-08-12,-0.26288
2011-08-19,-0.19946
2011-08-26,-0.14088
2011-09-02,-0.09815
2011-09-09,-0.06614
2011-09-16,-0.04827
2011-09-23,-0.03935
2011-09-30,-0.04173
2011-10-07,-0.05350
2011-10-14,-0.07508
2011-10-21,-0.09313
2011-10-28,-0.10719
2011-11-04,-0.10864
2011-11-11,-0.10125
2011-11-18,-0.08865
2011-11-25,-0.07564
2011-12-02,-0.07394
2011-12-09,-0.08005
2011-12-16,-0.09374
2011-12-23,-0.11818
2011-12-30,-0.15244
2012-01-06,-0.19397
2012-01-13,-0.24044
2012-01-20,-0.28660
2012-01-27,-0.32835
2012-02-03,-0.36106
2012-02-10,-0.38500
2012-02-17,-0.40070
2012-02-24,-0.41276
2012-03-02,-0.42368
2012-03-09,-0.43180
2012-03-16,-0.43931
2012-03-23,-0.44306
2012-03-30,-0.44109
2012-04-06,-0.43360
2012-04-13,-0.42087
2012-04-20,-0.40522
2012-04-27,-0.38414
2012-05-04,-0.35798
2012-05-11,-0.32629
2012-05-18,-0.29276
2012-05-25,-0.26600
2012-06-01,-0.24687
2012-06-08,-0.23942
2012-06-15,-0.24481
2012-06-22,-0.26017
2012-06-29,-0.27949
2012-07-06,-0.30258
2012-07-13,-0.32634
2012-07-20,-0.35023
2012-07-27,-0.37158
2012-08-03,-0.39299
2012-08-10,-0.41213
2012-08-17,-0.43030
2012-08-24,-0.44837
2012-08-31,-0.46574
2012-09-07,-0.48422
2012-09-14,-0.50353
2012-09-21,-0.51976
2012-09-28,-0.53284
2012-10-05,-0.54387
2012-10-12,-0.55084
2012-10-19,-0.55500
2012-10-26,-0.55480
2012-11-02,-0.55352
2012-11-09,-0.55164
2012-11-16,-0.55107
2012-11-23,-0.55482
2012-11-30,-0.56048
2012-12-07,-0.56898
2012-12-14,-0.58043
2012-12-21,-0.59288
2012-12-28,-0.60495
2013-01-04,-0.61956
2013-01-11,-0.63229
2013-01-18,-0.64182
2013-01-25,-0.64857
2013-02-01,-0.65211
2013-02-08,-0.65339
2013-02-15,-0.65478
2013-02-22,-0.65574
2013-03-01,-0.65610
2013-03-08,-0.65830
2013-03-15,-0.66114
2013-03-22,-0.66412
2013-03-29,-0.66882
2013-04-05,-0.67607
2013-04-12,-0.68660
2013-04-19,-0.69736
2013-04-26,-0.70965
2013-05-03,-0.71949
2013-05-10,-0.72450
2013-05-17,-0.72226
2013-05-24,-0.71272
2013-05-31,-0.69653
2013-06-07,-0.67701
2013-06-14,-0.65812
2013-06-21,-0.64252
2013-06-28,-0.63514
2013-07-05,-0.63531
2013-07-12,-0.64263
2013-07-19,-0.65468
2013-07-26,-0.66628
2013-08-02,-0.67441
2013-08-09,-0.67829
2013-08-16,-0.67750
2013-08-23,-0.67354
2013-08-30,-0.66961
2013-09-06,-0.66794
2013-09-13,-0.66996
2013-09-20,-0.67486
2013-09-27,-0.68241
2013-10-04,-0.69218
2013-10-11,-0.70456
2013-10-18,-0.71858
2013-10-25,-0.73241
2013-11-01,-0.74428
2013-11-08,-0.75482
2013-11-15,-0.76366
2013-11-22,-0.77035
2013-11-29,-0.77566
2013-12-06,-0.77941
2013-12-13,-0.78247
2013-12-20,-0.78433
2013-12-27,-0.78520
2014-01-03,-0.78280
2014-01-10,-0.78001
2014-01-17,-0.77580
2014-01-24,-0.77147
2014-01-31,-0.76874
2014-02-07,-0.76923
2014-02-14,-0.77295
2014-02-21,-0.77721
2014-02-28,-0.78138
2014-03-07,-0.78437
2014-03-14,-0.78485
2014-03-21,-0.78399
2014-03-28,-0.78121
2014-04-04,-0.77933
2014-04-11,-0.77674
2014-04-18,-0.77486
2014-04-25,-0.77424
2014-05-02,-0.77557
2014-05-09,-0.77854
2014-05-16,-0.78277
2014-05-23,-0.78902
2014-05-30,-0.79489
2014-06-06,-0.79831
2014-06-13,-0.79856
2014-06-20,-0.79525
2014-06-27,-0.78831
2014-07-04,-0.77837
2014-07-11,-0.76691
2014-07-18,-0.75484
2014-07-25,-0.74431
2014-08-01,-0.73582
2014-08-08,-0.73090
2014-08-15,-0.73046
2014-08-22,-0.73023
2014-08-29,-0.72778
2014-09-05,-0.72185
2014-09-12,-0.71103
2014-09-19,-0.69576
2014-09-26,-0.67822
2014-10-03,-0.66173
2014-10-10,-0.64973
2014-10-17,-0.64156
2014-10-24,-0.64279
2014-10-31,-0.64793
2014-11-07,-0.65509
2014-11-14,-0.66008
2014-11-21,-0.65935
2014-11-28,-0.65270
2014-12-05,-0.63950
2014-12-12,-0.61928
2014-12-19,-0.59600
2014-12-26,-0.57387
2015-01-02,-0.55123
2015-01-09,-0.53285
2015-01-16,-0.51822
2015-01-23,-0.50986
2015-01-30,-0.50652
2015-02-06,-0.50803
2015-02-13,-0.51275
2015-02-20,-0.51960
2015-02-27,-0.52678
2015-03-06,-0.53188
2015-03-13,-0.53568
2015-03-20,-0.53896
2015-03-27,-0.54082
2015-04-03,-0.54249
2015-04-10,-0.54459
2015-04-17,-0.54600
2015-04-24,-0.54806
2015-05-01,-0.54905
2015-05-08,-0.54896
2015-05-15,-0.54936
2015-05-22,-0.54989
2015-05-29,-0.54960
2015-06-05,-0.54886
2015-06-12,-0.54771
2015-06-19,-0.54500
2015-06-26,-0.54236
2015-07-03,-0.53722
2015-07-10,-0.53224
2015-07-17,-0.52686
2015-07-24,-0.51715
2015-07-31,-0.50244
2015-08-07,-0.48354
2015-08-14,-0.46200
2015-08-21,-0.43944
2015-08-28,-0.41904
2015-09-04,-0.40595
2015-09-11,-0.40019
2015-09-18,-0.40037
2015-09-25,-0.40618
2015-10-02,-0.41601
2015-10-09,-0.43196
2015-10-16,-0.44660
2015-10-23,-0.45966
2015-10-30,-0.46895
2015-11-06,-0.47252
2015-11-13,-0.46892
2015-11-20,-0.45951
2015-11-27,-0.44559
2015-12-04,-0.42698
2015-12-11,-0.40478
2015-12-18,-0.38315
2015-12-25,-0.36298
2016-01-01,-0.34521
2016-01-08,-0.32947
2016-01-15,-0.31565
2016-01-22,-0.30528
2016-01-29,-0.29854
2016-02-05,-0.29486
2016-02-12,-0.29499
2016-02-19,-0.30372
2016-02-26,-0.31679
2016-03-04,-0.33267
2016-03-11,-0.34845
2016-03-18,-0.36267
2016-03-25,-0.37224
2016-04-01,-0.37906
2016-04-08,-0.38261
2016-04-15,-0.38523
2016-04-22,-0.38692
2016-04-29,-0.38678
2016-05-06,-0.38522
2016-05-13,-0.38339
2016-05-20,-0.38045
2016-05-27,-0.37601
2016-06-03,-0.36986
2016-06-10,-0.36295
2016-06-17,-0.35509
2016-06-24,-0.34994
2016-07-01,-0.34676
2016-07-08,-0.34782
2016-07-15,-0.35193
2016-07-22,-0.35615
2016-07-29,-0.36046
2016-08-05,-0.36274
2016-08-12,-0.36305
2016-08-19,-0.36078
2016-08-26,-0.35569
2016-09-02,-0.34864
2016-09-09,-0.34274
2016-09-16,-0.33832
2016-09-23,-0.33706
2016-09-30,-0.34019
2016-10-07,-0.34734
2016-10-14,-0.35642
2016-10-21,-0.36764
2016-10-28,-0.38064
2016-11-04,-0.39269
2016-11-11,-0.40671
2016-11-18,-0.41955
2016-11-25,-0.43085
2016-12-02,-0.44077
2016-12-09,-0.44968
2016-12-16,-0.45665
2016-12-23,-0.46248
2016-12-30,-0.46888
2017-01-06,-0.47455
2017-01-13,-0.48032
2017-01-20,-0.48511
2017-01-27,-0.48877
2017-02-03,-0.49115
2017-02-10,-0.49245
2017-02-17,-0.49187
2017-02-24,-0.48973
2017-03-03,-0.48781
2017-03-10,-0.48525
2017-03-17,-0.48290
2017-03-24,-0.48139
2017-03-31,-0.48276
2017-04-07,-0.48607
2017-04-14,-0.49176
2017-04-21,-0.49950
2017-04-28,-0.50966
2017-05-05,-0.51982
2017-05-12,-0.52982
2017-05-19,-0.53866
2017-05-26,-0.54773
2017-06-02,-0.55491
2017-06-09,-0.56071
2017-06-16,-0.56512
2017-06-23,-0.56814
2017-06-30,-0.57138
2017-07-07,-0.57445
2017-07-14,-0.57768
2017-07-21,-0.57990
2017-07-28,-0.57954
2017-08-04,-0.57647
2017-08-11,-0.57122
2017-08-18,-0.56583
2017-08-25,-0.56182
2017-09-01,-0.55968
2017-09-08,-0.55935
2017-09-15,-0.56228
2017-09-22,-0.56676
2017-09-29,-0.57233
2017-10-06,-0.57931
2017-10-13,-0.58649
2017-10-20,-0.59341
2017-10-27,-0.59885
2017-11-03,-0.60307
2017-11-10,-0.60519
2017-11-17,-0.60626
2017-11-24,-0.60714
2017-12-01,-0.60821
2017-12-08,-0.60947
2017-12-15,-0.61219
2017-12-22,-0.61601
2017-12-29,-0.61962
2018-01-05,-0.62325
2018-01-12,-0.62322
2018-01-19,-0.61874
2018-01-26,-0.60980
2018-02-02,-0.59602
2018-02-09,-0.57824
2018-02-16,-0.56247
2018-02-23,-0.54755
2018-03-02,-0.53311
2018-03-09,-0.51990
2018-03-16,-0.50934
2018-03-23,-0.50177
2018-03-30,-0.50011
2018-04-06,-0.50367
2018-04-13,-0.51370
2018-04-20,-0.52796
2018-04-27,-0.54146
2018-05-04,-0.55348
2018-05-11,-0.56270
2018-05-18,-0.56760
2018-05-25,-0.56720
2018-06-01,-0.56222
2018-06-08,-0.55635
2018-06-15,-0.54942
2018-06-22,-0.54352
2018-06-29,-0.54030
2018-07-06,-0.54152
2018-07-13,-0.54703
2018-07-20,-0.55511
2018-07-27,-0.56434
2018-08-03,-0.57358
2018-08-10,-0.58275
2018-08-17,-0.58982
2018-08-24,-0.59569
2018-08-31,-0.59978
2018-09-07,-0.60199
2018-09-14,-0.60237
2018-09-21,-0.59979
2018-09-28,-0.59546
2018-10-05,-0.58877
2018-10-12,-0.57878
2018-10-19,-0.56754
2018-10-26,-0.55398
2018-11-02,-0.53864
2018-11-09,-0.52247
2018-11-16,-0.50289
2018-11-23,-0.48147
2018-11-30,-0.46110
2018-12-07,-0.44190
2018-12-14,-0.42848
2018-12-21,-0.42246
2018-12-28,-0.42590
2019-01-04,-0.43905
2019-01-11,-0.45920
2019-01-18,-0.48295
2019-01-25,-0.50752
2019-02-01,-0.53160
2019-02-08,-0.55227
2019-02-15,-0.56967
2019-02-22,-0.58304
2019-03-01,-0.59202
2019-03-08,-0.59725
2019-03-15,-0.60113
2019-03-22,-0.60509
2019-03-29,-0.60784
2019-04-05,-0.61199
2019-04-12,-0.61531
2019-04-19,-0.61737
2019-04-26,-0.61645
2019-05-03,-0.61311
2019-05-10,-0.60630
2019-05-17,-0.59805
2019-05-24,-0.58991
2019-05-31,-0.58184
2019-06-07,-0.57640
2019-06-14,-0.57421
2019-06-21,-0.57404
2019-06-28,-0.57635
2019-07-05,-0.58037
2019-07-12,-0.58236
2019-07-19,-0.58228
2019-07-26,-0.57909
2019-08-02,-0.57145
2019-08-09,-0.56067
2019-08-16,-0.54913
2019-08-23,-0.53887
2019-08-30,-0.52934
2019-09-06,-0.52229
2019-09-13,-0.51666
2019-09-20,-0.51236
2019-09-27,-0.51214
2019-10-04,-0.51554
2019-10-11,-0.52386
2019-10-18,-0.53628
2019-10-25,-0.55028
2019-11-01,-0.56255
2019-11-08,-0.57239
2019-11-15,-0.57772
2019-11-22,-0.57784
2019-11-29,-0.57292
2019-12-06,-0.56383
2019-12-13,-0.55604
2019-12-20,-0.55169
2019-12-27,-0.55611
2020-01-03,-0.56909
2020-01-10,-0.58912
2020-01-17,-0.61084
2020-01-24,-0.62470
2020-01-31,-0.62303
2020-02-07,-0.59768
2020-02-14,-0.53801
2020-02-21,-0.43738
2020-02-28,-0.29719
2020-03-06,-0.13390
2020-03-13,0.03486
2020-03-20,0.18265
2020-03-27,0.27661
2020-04-03,0.31564
2020-04-10,0.30203
2020-04-17,0.24593
2020-04-24,0.16658
2020-05-01,0.06794
2020-05-08,-0.03290
2020-05-15,-0.12420
2020-05-22,-0.20469
2020-05-29,-0.26858
2020-06-05,-0.31536
2020-06-12,-0.34527
2020-06-19,-0.36795
2020-06-26,-0.38622
2020-07-03,-0.40346
2020-07-10,-0.42216
2020-07-17,-0.44114
2020-07-24,-0.46042
2020-07-31,-0.47817
2020-08-07,-0.49204
2020-08-14,-0.50240
2020-08-21,-0.50850
2020-08-28,-0.51038
2020-09-04,-0.50801
2020-09-11,-0.50341
2020-09-18,-0.49942
2020-09-25,-0.49356
2020-10-02,-0.49032
2020-10-09,-0.49044
2020-10-16,-0.49292
2020-10-23,-0.49882
2020-10-30,-0.50730
2020-11-06,-0.52095
2020-11-13,-0.53774
2020-11-20,-0.55398
2020-11-27,-0.56861
2020-12-04,-0.58156
2020-12-11,-0.59181
2020-12-18,-0.59922
2020-12-25,-0.60546
2021-01-01,-0.61076
2021-01-08,-0.61528
2021-01-15,-0.61796
2021-01-22,-0.61997
2021-01-29,-0.62031
2021-02-05,-0.62255
2021-02-12,-0.62429
2021-02-19,-0.62609
2021-02-26,-0.62812
2021-03-05,-0.63230
2021-03-12,-0.63736
2021-03-19,-0.64280
2021-03-26,-0.64936
2021-04-02,-0.65624
2021-04-09,-0.66444
2021-04-16,-0.67126
2021-04-23,-0.67757
2021-04-30,-0.68294
2021-05-07,-0.68796
2021-05-14,-0.69011
2021-05-21,-0.69266
2021-05-28,-0.69487
2021-06-04,-0.69583
2021-06-11,-0.69507
2021-06-18,-0.69196
2021-06-25,-0.68790
2021-07-02,-0.68230
2021-07-09,-0.67556
2021-07-16,-0.66881
2021-07-23,-0.66226
2021-07-30,-0.65693
2021-08-06,-0.65226
2021-08-13,-0.64952
2021-08-20,-0.64779
2021-08-27,-0.64846
2021-09-03,-0.64961
2021-09-10,-0.65144
2021-09-17,-0.65363
2021-09-24,-0.65489
2021-10-01,-0.65526
2021-10-08,-0.65364
2021-10-15,-0.64813
2021-10-22,-0.63830
2021-10-29,-0.62381
2021-11-05,-0.60601
2021-11-12,-0.58656
2021-11-19,-0.56838
2021-11-26,-0.55220
2021-12-03,-0.54093
2021-12-10,-0.53874
2021-12-17,-0.54132
2021-12-24,-0.54837
2021-12-31,-0.55705
2022-01-07,-0.56309
2022-01-14,-0.56336
2022-01-21,-0.55690
2022-01-28,-0.54287
2022-02-04,-0.52392
2022-02-11,-0.49840
2022-02-18,-0.46863
2022-02-25,-0.43894
2022-03-04,-0.41169
2022-03-11,-0.39055
2022-03-18,-0.37857
2022-03-25,-0.37281
2022-04-01,-0.37050
2022-04-08,-0.36810
2022-04-15,-0.36140
2022-04-22,-0.35127
2022-04-29,-0.33646
2022-05-06,-0.31906
2022-05-13,-0.30036
2022-05-20,-0.28149
2022-05-27,-0.26029
2022-06-03,-0.23731
2022-06-10,-0.21290
2022-06-17,-0.18903
2022-06-24,-0.17320
2022-07-01,-0.16690
2022-07-08,-0.17012
2022-07-15,-0.18341
2022-07-22,-0.20244
2022-07-29,-0.22057
2022-08-05,-0.23375
2022-08-12,-0.24123
2022-08-19,-0.23888
2022-08-26,-0.22627
2022-09-02,-0.20524
2022-09-09,-0.17931
2022-09-16,-0.15148
2022-09-23,-0.12630
2022-09-30,-0.10761
2022-10-07,-0.10077
2022-10-14,-0.10299
2022-10-21,-0.11380
2022-10-28,-0.12922
2022-11-04,-0.14723
2022-11-11,-0.16438
2022-11-18,-0.17713
2022-11-25,-0.18486
2022-12-02,-0.18940
2022-12-09,-0.19228
2022-12-16,-0.19863
2022-12-23,-0.20859
2022-12-30,-0.22586
2023-01-06,-0.24856
2023-01-13,-0.27313
2023-01-20,-0.29415
2023-01-27,-0.31106
2023-02-03,-0.31849
2023-02-10,-0.31463
2023-02-17,-0.30008
2023-02-24,-0.27461
2023-03-03,-0.24366
2023-03-10,-0.21116
2023-03-17,-0.17957
2023-03-24,-0.16090
2023-03-31,-0.15722
2023-04-07,-0.16054
2023-04-14,-0.17192
2023-04-21,-0.18557
2023-04-28,-0.19639
2023-05-05,-0.20483
2023-05-12,-0.21151
2023-05-19,-0.21553
2023-05-26,-0.21742
2023-06-02,-0.21909
2023-06-09,-0.22004
2023-06-16,-0.22205
2023-06-23,-0.22616
2023-06-30,-0.23231
2023-07-07,-0.24107
2023-07-14,-0.25395
2023-07-21,-0.26885
2023-07-28,-0.28471
2023-08-04,-0.30206
2023-08-11,-0.31787
2023-08-18,-0.33030
2023-08-25,-0.33904
2023-09-01,-0.34462
2023-09-08,-0.34441
2023-09-15,-0.33968
2023-09-22,-0.33074
2023-09-29,-0.31852
2023-10-06,-0.30744
2023-10-13,-0.29796
2023-10-20,-0.29205
2023-10-27,-0.29113
2023-11-03,-0.29582
2023-11-10,-0.30430
2023-11-17,-0.31472
2023-11-24,-0.32584
2023-12-01,-0.33619
2023-12-08,-0.34498
2023-12-15,-0.35396
2023-12-22,-0.36315
2023-12-29,-0.37159
2024-01-05,-0.38021
2024-01-12,-0.38833
2024-01-19,-0.39553
2024-01-26,-0.40172
2024-02-02,-0.40859
2024-02-09,-0.41535
2024-02-16,-0.42313
2024-02-23,-0.43113
2024-03-01,-0.43736
2024-03-08,-0.44085
2024-03-15,-0.44218
2024-03-22,-0.44017
2024-03-29,-0.43549
2024-04-05,-0.42993
2024-04-12,-0.42398
2024-04-19,-0.41885
2024-04-26,-0.41681
2024-05-03,-0.41686
2024-05-10,-0.41778
2024-05-17,-0.41832
2024-05-24,-0.41788
2024-05-31,-0.41452
2024-06-07,-0.40899
2024-06-14,-0.40192
2024-06-21,-0.39434
2024-06-28,-0.38784
2024-07-05,-0.38276
2024-07-12,-0.37745
2024-07-19,-0.37259
2024-07-26,-0.36888
2024-08-02,-0.36677
2024-08-09,-0.36763
2024-08-16,-0.37568
2024-08-23,-0.38575
2024-08-30,-0.39711
2024-09-06,-0.40830
2024-09-13,-0.41822
2024-09-20,-0.42633
2024-09-27,-0.43270
2024-10-04,-0.43696
2024-10-11,-0.44012
2024-10-18,-0.44455
2024-10-25,-0.44902
2024-11-01,-0.45497
2024-11-08,-0.46290
2024-11-15,-0.47036
2024-11-22,-0.47539
2024-11-29,-0.47883
2024-12-06,-0.48124
2024-12-13,-0.48291
2024-12-20,-0.48419
2024-12-27,-0.48849
2025-01-03,-0.49349
2025-01-10,-0.49984
2025-01-17,-0.50516
2025-01-24,-0.51010
2025-01-31,-0.51290
2025-02-07,-0.51163
2025-02-14,-0.50693
2025-02-21,-0.49730
2025-02-28,-0.48380
2025-03-07,-0.46711
2025-03-14,-0.44882
2025-03-21,-0.43102
2025-03-28,-0.41432
2025-04-04,-0.39933
2025-04-11,-0.38848
2025-04-18,-0.38892
2025-04-25,-0.39536
2025-05-02,-0.40856
2025-05-09,-0.42566
2025-05-16,-0.44294
2025-05-23,-0.45740
2025-05-30,-0.46917
2025-06-06,-0.47830
2025-06-13,-0.48581
2025-06-20,-0.49238
2025-06-27,-0.49931
2025-07-04,-0.50660
2025-07-11,-0.51345
2025-07-18,-0.51893
2025-07-25,-0.52362
2025-08-01,-0.52684
2025-08-08,-0.52893
2025-08-15,-0.53174
2025-08-22,-0.53302
2025-08-29,-0.53395
2025-09-05,-0.53388
2025-09-12,-0.53387
2025-09-19,-0.53237
2025-09-26,-0.53083
2025-10-03,-0.52891
2025-10-10,-0.52621
2025-10-17,-0.52210
2025-10-24,-0.51870
2025-10-31,-0.51456
